sp_us,minion_w,sram_w,noc_w,board_w
53498742031,11.331,2.666,4.700,38.27
53498875631,11.322,2.651,4.668,37.52
53499009898,11.303,2.572,4.541,36.85
53499142831,11.287,2.507,4.442,36.26
53499276031,11.274,2.450,4.355,35.74
53499410918,11.256,2.400,4.277,35.28
53499544031,11.245,2.353,4.204,34.89
53499677631,11.231,2.315,4.146,34.53
53499812432,11.217,2.281,4.093,34.23
53499946031,11.209,2.250,4.045,33.96
53500079631,11.199,2.226,4.007,33.72
53500214431,11.191,2.205,3.974,33.52
53500348031,11.186,2.186,3.939,33.33
53500481631,11.181,2.169,3.911,33.17
53500616023,11.171,2.153,3.888,33.03
53500749231,11.161,2.139,3.867,32.90
53500882831,11.151,2.128,3.845,32.79
53501017298,11.144,2.117,3.831,32.69
53501150831,11.140,2.108,3.816,32.61
53501284031,11.127,2.101,3.803,32.53
53501418513,11.118,2.093,3.795,32.46
53501552031,11.115,2.085,3.783,32.40
53501685231,11.115,2.080,3.774,32.35
53501819735,11.111,2.075,3.766,32.31
53501953231,11.108,2.069,3.759,32.26
53502086831,11.109,2.065,3.754,32.23
53502221486,11.105,2.064,3.748,32.19
53502354431,11.104,2.060,3.741,32.17
53502487631,11.099,2.059,3.738,32.14
53502622507,11.097,2.059,3.729,32.12
53502756031,11.093,2.058,3.726,32.10
53502889632,11.084,2.057,3.722,32.08
53503024274,11.088,2.055,3.719,32.25
53503157631,11.227,2.057,3.717,32.58
53503291231,11.531,2.062,3.717,32.86
53503425725,11.773,2.069,3.716,33.12
53503559231,11.992,2.076,3.712,33.34
53503692831,12.177,2.080,3.713,33.55
53503827477,12.347,2.085,3.714,33.72
53503960831,12.495,2.087,3.713,33.87
53504094431,12.618,2.090,3.712,34.00
53504229079,12.746,2.097,3.715,34.12
53504362431,12.849,2.099,3.714,34.23
53504496031,12.930,2.103,3.717,34.32
53504630831,13.020,2.105,3.716,34.41
53504764431,13.085,2.108,3.718,34.48
53504897631,13.142,2.110,3.720,34.55
53505032359,13.191,2.111,3.723,34.61
53505165632,13.220,2.112,3.724,34.66
53505299231,13.264,2.113,3.725,34.70
53505433810,13.301,2.113,3.725,34.74
53505567231,13.337,2.114,3.727,34.77
53505700832,13.349,2.115,3.725,34.81
53505835311,13.366,2.115,3.728,34.84
53505968831,13.389,2.118,3.731,34.86
53506102431,13.412,2.118,3.730,34.88
53506236978,13.438,2.119,3.730,34.91
53506370432,13.436,2.119,3.734,34.93
53506504031,13.460,2.119,3.734,34.95
53506638702,13.478,2.121,3.736,34.96
53506772031,13.497,2.121,3.737,34.97
53506905631,13.509,2.123,3.745,34.98
53507040278,13.516,2.123,3.745,34.99
53507173631,13.528,2.122,3.743,35.00
53507307231,13.538,2.125,3.747,35.00
53507441893,13.548,2.125,3.744,35.01
53507575231,13.555,2.127,3.744,35.03
53507708831,13.534,2.128,3.743,35.03
53507843487,13.543,2.130,3.744,35.03
53507976832,13.558,2.129,3.747,35.03
53508110431,13.576,2.130,3.747,35.04
53508245231,13.556,2.132,3.747,35.04
53508378831,13.541,2.133,3.749,35.05
53508512031,13.525,2.134,3.751,35.06
53508646685,13.536,2.133,3.744,35.06
53508780032,13.556,2.134,3.740,35.07
53508913631,13.567,2.135,3.743,35.07
53509048186,13.571,2.135,3.741,35.08
53509181631,13.550,2.135,3.746,34.78
53509315231,13.278,2.127,3.743,34.46
53509449788,13.016,2.118,3.743,34.16
53509583231,12.791,2.110,3.739,33.91
53509716831,12.581,2.103,3.737,33.68
53509851631,12.406,2.096,3.739,33.49
53509985231,12.252,2.091,3.737,33.31
53510118831,12.118,2.086,3.731,33.16
53510253300,11.991,2.082,3.729,33.03
53510386431,11.886,2.077,3.731,32.91
53510519631,11.784,2.076,3.729,32.81
53510652831,11.700,2.073,3.732,32.71
53510786031,11.632,2.069,3.730,32.63
53510919631,11.569,2.069,3.731,32.56
53511053231,11.511,2.067,3.729,32.49
53511186431,11.467,2.066,3.726,32.44
53511320031,11.415,2.064,3.723,32.38
53511453631,11.383,2.061,3.724,32.34
53511587231,11.344,2.061,3.726,32.30
53511720831,11.310,2.059,3.724,32.27
53511854431,11.286,2.058,3.723,32.24
53511988031,11.263,2.056,3.727,32.21
53512121231,11.239,2.055,3.726,32.18
53512254431,11.222,2.055,3.724,32.16
53512388831,11.208,2.051,3.725,32.14
53512522431,11.197,2.050,3.723,32.12
53512656031,11.184,2.048,3.728,32.11
53512790831,11.174,2.048,3.724,32.09
53512924431,11.159,2.046,3.725,32.08
53513058031,11.151,2.045,3.723,32.07
53513192832,11.143,2.047,3.719,32.06
53513326431,11.129,2.045,3.717,32.16
53513460031,11.162,2.094,3.720,32.42
53513594831,11.248,2.250,3.719,32.65
53513728432,11.335,2.395,3.720,32.85
53513861631,11.395,2.513,3.723,33.02
53513996432,11.449,2.615,3.721,33.18
53514130031,11.498,2.714,3.724,33.32
53514263631,11.542,2.794,3.726,33.44
53514398431,11.582,2.864,3.727,33.54
53514531631,11.614,2.929,3.726,33.64
53514664832,11.645,2.984,3.722,33.72
53514799631,11.682,3.032,3.721,33.80
53514933231,11.709,3.072,3.717,33.86
53515066831,11.726,3.108,3.715,33.91
53515201631,11.748,3.140,3.716,33.96
53515335231,11.773,3.170,3.714,34.01
53515468831,11.784,3.198,3.717,34.04
53515603631,11.797,3.216,3.718,34.08
53515737231,11.813,3.236,3.720,34.12
53515870831,11.819,3.253,3.727,34.14
53516005632,11.831,3.269,3.728,34.17
53516139231,11.840,3.281,3.728,34.19
53516272831,11.850,3.293,3.730,34.21
53516407631,11.855,3.303,3.729,34.23
53516540831,11.857,3.310,3.729,34.24
53516674431,11.855,3.318,3.732,34.25
53516809631,11.861,3.327,3.736,34.27
53516943231,11.871,3.335,3.738,34.28
53517076431,11.879,3.340,3.734,34.28
53517211231,11.880,3.342,3.733,34.29
53517344831,11.888,3.347,3.733,34.30
53517478431,11.890,3.352,3.733,34.31
53517613231,11.898,3.358,3.736,34.32
53517746832,11.897,3.360,3.739,34.32
53517880431,11.903,3.363,3.735,34.33
53518015232,11.897,3.365,3.737,34.33
53518148831,11.904,3.367,3.737,34.34
53518282431,11.901,3.369,3.736,34.34
53518417231,11.899,3.371,3.734,34.34
53518550831,11.904,3.374,3.736,34.35
53518684431,11.902,3.376,3.734,34.35
53518819231,11.908,3.379,3.729,34.35
53518952431,11.905,3.378,3.728,34.36
53519086031,11.907,3.379,3.732,34.36
53519220831,11.908,3.381,3.732,34.36
53519354431,11.911,3.380,3.730,34.36
53519487631,11.915,3.377,3.729,34.37
53519622431,11.916,3.379,3.732,34.37
53519756031,11.912,3.381,3.733,34.37
53519889631,11.911,3.385,3.736,34.13
53520024032,11.830,3.262,3.736,33.89
53520157231,11.751,3.105,3.732,33.67
53520290431,11.682,2.978,3.730,33.47
53520425231,11.617,2.868,3.729,33.30
53520558431,11.558,2.763,3.727,33.15
53520692032,11.500,2.675,3.725,33.02
53520826431,11.450,2.599,3.721,32.90
53520960031,11.408,2.534,3.721,32.79
53521093631,11.372,2.478,3.722,32.70
53521228031,11.344,2.422,3.722,32.62
53521361231,11.310,2.377,3.725,32.55
53521494831,11.286,2.337,3.723,32.48
53521629631,11.264,2.302,3.722,32.43
53521763231,11.244,2.271,3.719,32.38
53521896831,11.228,2.245,3.718,32.34
53522031632,11.213,2.221,3.716,32.30
53522165231,11.199,2.200,3.716,32.26
53522298431,11.188,2.181,3.720,32.23
53522433231,11.180,2.164,3.719,32.20
53522566831,11.170,2.151,3.716,32.18
53522700031,11.165,2.138,3.712,32.16
53522834831,11.150,2.127,3.710,32.14
53522968431,11.144,2.116,3.711,32.12
53523102031,11.140,2.105,3.710,32.10
53523236831,11.130,2.098,3.712,32.09
53523370431,11.124,2.092,3.705,32.08
53523503631,11.119,2.087,3.705,32.07
53523638431,11.114,2.082,3.705,32.06
53523772032,11.111,2.079,3.705,32.05
53523905631,11.104,2.074,3.703,32.04
53524040432,37.437,2.072,3.705,32.13
53524174031,11.116,2.111,3.732,32.34
53524307631,11.157,2.238,3.779,32.52
53524442432,11.186,2.339,3.815,32.69
53524575631,11.209,2.429,3.851,32.83
53524709231,11.235,2.514,3.886,32.96
53524844031,11.261,2.580,3.912,33.08
53524977631,11.277,2.640,3.936,33.17
53525111231,11.299,2.689,3.949,33.26
53525246031,11.320,2.739,3.970,33.34
53525379631,11.334,2.779,3.986,33.40
53525513231,11.340,2.814,3.999,33.46
53525648431,11.356,2.847,4.009,33.51
53525782032,11.364,2.874,4.021,33.56
53525915631,11.365,2.902,4.033,33.60
53526050432,11.374,2.925,4.044,33.63
53526184031,11.379,2.943,4.052,33.66
53526317631,11.380,2.957,4.056,33.69
53526452431,11.397,2.970,4.063,33.72
53526586031,11.402,2.983,4.069,33.74
53526719631,11.391,2.995,4.071,33.76
53526854431,11.397,3.005,4.077,33.78
53526988031,11.407,3.016,4.077,33.80
53527121231,11.405,3.023,4.082,33.81
53527256031,11.405,3.029,4.088,33.82
53527389631,11.411,3.034,4.090,33.83
53527523231,11.418,3.039,4.093,33.84
53527658031,11.426,3.041,4.098,33.85
53527791631,11.429,3.044,4.098,33.86
53527925231,11.434,3.047,4.100,33.86
53528060032,11.434,3.046,4.098,33.87
53528193631,11.438,3.050,4.098,33.87
53528327231,11.437,3.052,4.101,33.88
53528462031,11.444,3.053,4.103,33.88
53528595631,11.439,3.055,4.106,33.89
53528729231,11.434,3.058,4.109,33.89
53528864031,11.433,3.060,4.109,33.90
53528997632,11.440,3.062,4.110,33.90
53529131231,11.453,3.066,4.108,33.90
53529266431,11.456,3.063,4.110,33.91
53529400031,11.453,3.063,4.110,33.91
53529533632,11.456,3.064,4.112,33.91
53529668431,11.457,3.067,4.112,33.91
53529802031,11.453,3.064,4.113,33.91
53529935631,11.455,3.064,4.112,33.92
53530070432,11.446,3.067,4.112,33.92
53530204031,11.446,3.069,4.110,33.92
53530337631,11.447,3.069,4.112,33.92
53530472431,11.443,3.068,4.113,33.92
53530606031,11.448,3.068,4.112,33.92
53530739632,11.445,3.069,4.114,33.92
53530874431,11.460,3.070,4.113,33.87
53531007632,11.448,3.042,4.098,33.65
53531141231,11.415,2.920,4.052,33.45
53531275631,11.382,2.813,4.013,33.28
53531409231,11.348,2.720,3.978,33.13
53531542831,11.319,2.633,3.947,32.99
53531677631,11.295,2.563,3.917,32.87
53531811231,11.276,2.500,3.893,32.77
53531944431,11.258,2.441,3.871,32.68
53532079232,11.236,2.394,3.853,32.59
53532212431,11.219,2.350,3.834,32.52
53532346031,11.207,2.311,3.819,32.46
53532480831,11.192,2.276,3.806,32.40
53532614431,11.173,2.246,3.798,32.36
53532748032,11.163,2.222,3.789,32.31
53532882831,11.156,2.199,3.781,32.27
53533016432,11.142,2.179,3.768,32.24
53533150031,11.136,2.163,3.762,32.21
53533284831,11.121,2.147,3.751,32.18
53533418431,11.119,2.133,3.749,32.16
53533552031,11.116,2.124,3.745,32.14
53533686831,11.119,2.113,3.740,32.11
53533820032,11.116,2.103,3.739,32.10
53533953631,11.112,2.093,3.738,32.08
53534088432,11.107,2.085,3.731,32.07
53534222031,11.102,2.077,3.728,32.06
53534355631,11.097,2.070,3.725,32.04
53534490431,11.104,2.064,3.721,32.03
53534624031,11.093,2.060,3.717,32.02
53534757631,11.092,2.054,3.716,32.01
53534892075,11.090,2.052,3.713,32.01
53535025632,11.085,2.049,3.713,32.00
53535159231,11.082,2.045,3.714,32.24
53535293792,11.111,2.121,3.826,32.50
53535427231,11.139,2.211,3.935,32.63
53535560831,11.160,2.259,3.994,32.84
53535695367,11.184,2.329,4.080,33.04
53535828831,11.201,2.394,4.164,33.21
53535962431,11.222,2.452,4.231,33.30
53536097003,11.230,2.487,4.271,33.32
53536230431,11.229,2.486,4.286,33.45
53536364031,11.250,2.534,4.340,33.57
53536498651,11.263,2.572,4.393,33.67
53536632031,11.278,2.610,4.436,33.61
53536765631,11.268,2.583,4.405,33.71
53536900432,11.284,2.614,4.446,33.79
53537034032,11.294,2.648,4.485,33.87
53537167631,11.305,2.672,4.516,33.88
53537302432,11.318,2.678,4.516,33.85
53537436031,11.314,2.660,4.510,33.92
53537569632,11.318,2.684,4.533,33.98
53537704432,11.330,2.705,4.556,34.03
53537838032,11.334,2.724,4.578,33.93
53537971631,11.317,2.685,4.527,33.99
53538106432,11.321,2.705,4.552,34.05
53538240431,11.331,2.724,4.576,34.10
53538374031,11.345,2.745,4.595,34.07
53538509231,11.340,2.737,4.579,34.03
53538642431,11.333,2.715,4.569,34.08
53538776031,11.336,2.737,4.598,34.13
53538910832,11.346,2.754,4.613,34.16
53539044432,11.350,2.766,4.626,34.04
53539178031,11.337,2.720,4.583,34.09
53539312832,11.353,2.737,4.605,34.14
53539446031,11.360,2.753,4.618,34.18
53539579631,11.374,2.767,4.630,34.13
53539714240,11.364,2.751,4.606,34.09
53539847632,11.358,2.734,4.600,34.14
53539981231,11.356,2.751,4.621,34.18
53540115935,11.364,2.768,4.634,34.20
53540249231,11.378,2.774,4.643,34.08
53540382831,11.365,2.730,4.588,34.13
53540517545,11.370,2.746,4.606,34.17
53540650831,11.379,2.761,4.623,34.21
53540784431,11.377,2.775,4.639,34.15
53540919039,11.365,2.756,4.611,34.12
53541052432,11.365,2.741,4.601,34.16
53541186031,11.372,2.758,4.620,34.20
53541320831,11.378,2.772,4.636,34.22
53541454031,11.387,2.781,4.646,34.10
53541587631,11.373,2.739,4.603,34.15
53541722306,11.381,2.755,4.620,34.19
53541855231,11.392,2.772,4.636,34.23
53541988831,11.393,2.785,4.651,34.15
53542123632,11.390,2.761,4.610,33.90
53542256831,11.352,2.675,4.503,33.67
53542390431,11.320,2.598,4.408,33.47
53542525231,11.296,2.526,4.317,33.30
53542658831,11.268,2.468,4.243,33.14
53542792031,11.253,2.416,4.180,33.01
53542926832,11.234,2.369,4.123,32.89
53543060432,11.218,2.327,4.071,32.78
53543194031,11.206,2.293,4.029,32.69
53543328832,11.190,2.261,3.988,32.61
53543462031,11.189,2.233,3.950,32.53
53543595631,11.175,2.209,3.925,32.47
53543730153,11.160,2.189,3.899,32.41
53543863631,11.147,2.171,3.880,32.36
53543997231,11.141,2.154,3.861,32.32
53544131769,11.144,2.141,3.844,32.27
53544265231,11.137,2.129,3.823,32.24
53544398831,11.131,2.115,3.809,32.21
53544533386,11.124,2.106,3.793,32.18
53544666831,11.120,2.096,3.779,32.15
53544800031,11.113,2.089,3.769,32.13
53544934832,11.110,2.082,3.765,32.11
53545068432,11.104,2.077,3.758,32.10
53545201631,11.101,2.071,3.751,32.08
53545336136,11.099,2.067,3.744,32.07
53545469631,11.092,2.063,3.746,32.05
53545603231,11.091,2.061,3.738,32.04
53545737751,11.091,2.057,3.737,32.03
53545870831,11.089,2.053,3.731,32.03
53546004431,11.082,2.050,3.728,32.02
53546139232,11.078,2.046,3.721,32.01
53546272831,11.075,2.043,3.720,32.33
53546406031,11.078,2.067,3.784,33.13
53546540564,11.095,2.140,3.917,33.83
53546674031,11.113,2.203,4.035,34.48
53546807231,11.130,2.264,4.147,35.02
53546942032,11.143,2.312,4.231,35.52
53547075632,11.159,2.356,4.310,35.94
53547209231,11.181,2.395,4.383,36.32
53547344032,11.193,2.432,4.457,36.65
53547477631,11.199,2.464,4.514,36.94
53547611231,11.219,2.492,4.557,37.20
53547746032,11.229,2.516,4.601,37.42
53547879631,11.239,2.536,4.638,37.62
53548013231,11.244,2.552,4.671,37.77
53548148032,11.262,2.566,4.698,37.92
53548281631,11.268,2.581,4.724,38.06
53548415231,11.266,2.593,4.749,38.18
53548550032,11.272,2.605,4.768,38.29
53548683631,11.282,2.613,4.788,38.37
53548817231,11.286,2.621,4.799,38.46
53548952032,11.294,2.628,4.807,38.54
53549085632,11.302,2.635,4.820,38.60
53549219231,11.305,2.640,4.835,38.64
53549354432,11.309,2.646,4.840,38.69
53549488031,11.313,2.653,4.845,38.74
53549621631,11.321,2.657,4.852,38.78
53549756432,11.336,2.660,4.860,38.82
53549890031,11.338,2.664,4.857,38.84
53550023631,11.344,2.666,4.860,38.87
53550158432,11.353,2.669,4.866,38.90
53550292031,11.357,2.672,4.876,38.93
53550425631,11.360,2.673,4.880,38.93
53550560432,11.364,2.674,4.885,38.95
53550694031,11.365,2.677,4.892,38.97
53550827631,11.370,2.678,4.891,38.99
53550962432,11.372,2.680,4.901,39.00
53551096032,11.382,2.679,4.909,39.01
53551229631,11.384,2.679,4.910,39.03
53551364432,11.386,2.681,4.912,39.04
53551498031,11.391,2.680,4.915,39.06
53551631631,11.395,2.682,4.917,39.05
53551766432,11.400,2.683,4.918,39.06
53551900031,11.399,2.684,4.917,39.07
53552033631,11.403,2.686,4.918,39.09
53552168432,11.402,2.686,4.925,39.09
53552302031,11.402,2.685,4.922,39.10
53552435631,11.399,2.688,4.928,39.11
53552570432,11.402,2.687,4.933,39.12
53552703631,11.400,2.688,4.936,39.12
53552837231,11.402,2.689,4.935,39.11
53552971825,11.406,2.688,4.930,39.12
53553105232,11.402,2.689,4.931,39.13
53553238831,11.399,2.689,4.935,39.14
53553373472,11.406,2.691,4.936,39.14
53553506831,11.411,2.689,4.935,39.15
53553640431,11.420,2.693,4.939,39.15
53553775115,11.424,2.694,4.939,39.16
53553908432,11.428,2.694,4.942,39.17
53554042031,11.429,2.695,4.943,39.15
53554176679,11.432,2.694,4.941,39.16
53554310031,11.436,2.694,4.944,39.17
53554443631,11.439,2.698,4.945,39.18
53554578187,11.429,2.697,4.942,39.00
53554711631,11.431,2.686,4.901,38.18
53554845231,11.411,2.611,4.761,37.43
53554980031,11.393,2.545,4.646,36.80
53555113632,11.362,2.482,4.527,36.23
53555246831,11.341,2.432,4.430,35.74
53555381501,11.324,2.389,4.349,35.31
53555514431,11.314,2.348,4.267,34.92
53555648031,11.309,2.313,4.208,34.58
53555782496,11.304,2.282,4.154,34.29
53555915631,11.295,2.252,4.099,34.03
53556049231,11.282,2.227,4.057,33.80
53556184032,11.278,2.209,4.018,33.60
53556317631,11.268,2.192,3.986,33.42
53556450831,11.258,2.175,3.954,33.27
53556585631,11.246,2.161,3.928,33.13
53556718831,11.232,2.149,3.900,33.01
53556852431,11.230,2.138,3.880,32.91
53556987231,11.225,2.128,3.864,32.81
53557120832,11.213,2.120,3.846,32.73
53557254431,11.210,2.112,3.831,32.66
53557389232,11.205,2.103,3.823,32.59
53557522831,11.200,2.097,3.812,32.53
53557656432,11.202,2.093,3.800,32.48
53557791231,11.197,2.087,3.791,32.44
53557924831,11.192,2.083,3.783,32.40
53558058431,11.187,2.081,3.777,32.36
53558193232,11.186,2.078,3.774,32.33
53558326831,11.178,2.075,3.773,32.31
53558460031,11.170,2.073,3.765,32.28
53558594432,11.166,2.070,3.759,32.26
53558728031,11.158,2.069,3.753,32.24
53558861631,11.165,2.068,3.751,32.90
53558996831,11.180,2.126,3.855,33.64
53559130432,11.202,2.200,3.961,34.31
53559264031,11.218,2.268,4.067,34.88
53559398628,11.228,2.324,4.149,35.39
53559532031,11.242,2.374,4.232,35.83
53559665631,11.262,2.416,4.295,36.22
53559800311,11.285,2.451,4.355,36.56
53559933631,11.301,2.484,4.405,36.87
53560067231,11.322,2.513,4.451,37.13
53560201727,11.329,2.541,4.490,37.36
53560335231,11.330,2.562,4.529,37.56
53560468431,11.340,2.582,4.558,37.70
53560603232,11.356,2.595,4.577,37.24
53560736831,11.354,2.551,4.509,37.26
53560870031,11.348,2.550,4.515,37.48
53561004569,11.365,2.572,4.549,37.67
53561138031,11.372,2.591,4.580,37.84
53561271631,11.375,2.609,4.609,37.70
53561406432,11.362,2.592,4.586,37.88
53561540031,11.371,2.608,4.614,38.03
53561673631,11.380,2.622,4.639,38.16
53561808432,11.382,2.636,4.656,38.10
53561942031,11.389,2.635,4.640,38.10
53562075631,11.387,2.631,4.650,38.22
53562210432,11.391,2.641,4.665,38.33
53562344031,11.394,2.651,4.682,38.43
53562477231,11.398,2.662,4.699,38.21
53562612005,11.406,2.641,4.664,38.32
53562745631,11.415,2.655,4.677,38.42
53562879231,11.422,2.667,4.690,38.51
53563014033,11.419,2.675,4.702,38.34
53563147631,11.422,2.666,4.676,38.39
53563281231,11.437,2.664,4.687,38.48
53563415907,11.439,2.673,4.698,38.56
53563549231,11.441,2.684,4.710,38.63
53563682831,11.438,2.690,4.723,38.42
53563817422,11.432,2.671,4.690,38.51
53563950831,11.437,2.678,4.698,38.59
53564084431,11.445,2.686,4.709,38.66
53564219231,11.447,2.692,4.725,38.41
53564352831,11.443,2.670,4.686,38.50
53564486431,11.448,2.677,4.696,38.58
53564621232,11.457,2.684,4.713,38.65
53564754831,11.471,2.694,4.727,38.70
53564888431,11.474,2.700,4.732,38.51
53565023232,11.463,2.681,4.709,38.59
53565156831,11.470,2.688,4.722,38.66
53565290431,11.472,2.696,4.728,38.73
53565424924,11.470,2.704,4.738,38.47
53565558431,11.470,2.679,4.706,38.56
53565692031,11.472,2.689,4.724,38.64
53565826626,11.469,2.695,4.736,38.71
53565960031,11.477,2.702,4.747,38.69
53566093631,11.483,2.702,4.739,38.54
53566228184,11.477,2.683,4.724,38.62
53566361631,11.477,2.691,4.737,38.69
53566495231,11.481,2.698,4.747,38.76
53566629823,11.479,2.705,4.757,38.53
53566763231,11.485,2.683,4.724,38.61
53566896431,11.495,2.694,4.736,38.69
53567031232,11.499,2.701,4.748,38.75
53567164831,11.500,2.707,4.755,38.64
53567298431,11.500,2.702,4.737,37.88
53567433232,11.478,2.622,4.617,37.20
53567566431,11.462,2.556,4.515,36.59
53567700031,11.438,2.498,4.424,36.07
53567834616,11.415,2.445,4.341,35.60
53567968031,11.398,2.403,4.270,35.20
53568101631,11.379,2.362,4.208,34.83
53568236358,11.372,2.327,4.154,34.52
53568369631,11.353,2.293,4.100,34.24
53568502831,11.333,2.268,4.060,34.01
53568637632,11.329,2.245,4.025,33.79
53568771231,11.317,2.223,3.991,33.60
53568904431,11.312,2.206,3.961,33.44
53569038924,11.296,2.189,3.935,33.29
53569172431,11.289,2.175,3.912,33.16
53569306031,11.279,2.164,3.891,33.05
53569440502,11.283,2.154,3.875,32.95
53569573631,11.277,2.145,3.863,32.86
53569706831,11.274,2.136,3.847,32.79
53569840031,11.264,2.129,3.838,32.72
53569973231,11.253,2.122,3.825,32.66
53570106831,11.242,2.117,3.814,32.61
53570240031,11.242,2.115,3.805,32.56
53570373631,11.234,2.109,3.795,32.52
53570507231,11.227,2.105,3.788,32.48
53570640831,11.225,2.102,3.785,32.45
53570774431,11.224,2.099,3.780,32.42
53570908031,11.222,2.098,3.777,32.40
53571041631,11.223,2.093,3.775,32.37
53571175231,11.223,2.091,3.772,32.35
53571308431,11.220,2.086,3.769,32.34
53571441631,11.223,2.085,3.770,32.33
53571576031,11.218,2.082,3.767,32.31
53571709231,11.213,2.082,3.765,32.30
53571842431,11.208,2.080,3.765,32.29
53571977231,11.204,2.079,3.762,32.28
53572110431,11.202,2.078,3.762,32.27
53572243631,11.201,2.079,3.760,32.26
53572378431,11.194,2.078,3.755,32.25
53572511631,11.193,2.076,3.752,32.25
53572644831,11.194,2.077,3.748,32.25
53572779631,11.192,2.076,3.746,32.24
53572912831,11.189,2.076,3.743,32.23
53573046031,11.196,2.075,3.741,32.22
53573180431,11.191,2.075,3.744,32.22
53573313631,11.195,2.074,3.744,32.21
53573446831,11.192,2.072,3.749,32.20
53573581231,11.192,2.071,3.749,32.20
53573714431,11.189,2.069,3.746,32.20
53573848031,11.180,2.069,3.740,32.19
53573982831,11.179,2.068,3.740,32.19
53574116031,11.181,2.066,3.744,32.19
53574249231,11.184,2.065,3.743,32.18
53574383631,11.181,2.065,3.743,32.18
53574517231,11.188,2.066,3.749,32.17
53574650431,11.192,2.066,3.750,32.17
53574785231,11.183,2.067,3.744,32.17
53574918431,11.178,2.069,3.742,32.17
53575051631,11.180,2.068,3.739,32.16
53575186431,11.179,2.067,3.739,32.16
53575320031,11.180,2.066,3.739,32.16
53575453231,11.179,2.065,3.739,32.16
53575587631,11.178,2.065,3.736,32.15
53575720831,11.175,2.064,3.737,32.15
53575854031,11.170,2.062,3.737,32.15
53575988431,11.180,2.063,3.735,32.15
53576121631,11.170,2.062,3.736,32.14
53576254831,11.163,2.063,3.738,32.14
53576389231,11.157,2.064,3.736,32.14
53576522431,11.162,2.065,3.738,32.14
53576655631,11.166,2.062,3.735,32.14
53576790431,11.165,2.063,3.738,32.14
53576923631,11.163,2.064,3.735,32.14
53577057231,11.162,2.064,3.734,32.14
53577192031,11.161,2.062,3.734,32.13
53577325231,11.159,2.062,3.735,32.13
53577458431,11.157,2.061,3.733,32.13
53577592831,11.155,2.062,3.735,32.13
53577726031,11.160,2.062,3.735,32.13
53577859231,11.161,2.062,3.733,32.13
53577994031,11.164,2.060,3.732,32.13
53578127631,11.158,2.059,3.734,32.13
53578260831,11.166,2.061,3.734,32.13
53578395631,11.170,2.063,3.732,32.13
53578528831,11.165,2.062,3.731,32.12
53578662031,11.164,2.063,3.729,32.12
53578796831,11.159,2.064,3.731,32.12
53578930031,11.165,2.063,3.735,32.12
53579063231,11.158,2.063,3.734,32.12
53579197631,11.155,2.064,3.733,32.12
53579330831,11.159,2.064,3.736,32.12
53579464031,11.159,2.062,3.734,32.12
53579598831,11.154,2.061,3.731,32.12
53579732031,11.148,2.062,3.730,32.12
53579865631,11.144,2.062,3.730,32.11
53580000431,11.139,2.062,3.731,32.11
53580133631,11.133,2.063,3.735,32.11
53580266831,11.134,2.062,3.733,32.11
53580401631,11.130,2.062,3.735,32.11
53580534831,11.126,2.062,3.733,32.11
53580668031,11.134,2.060,3.735,32.11
53580802431,11.135,2.059,3.732,32.11
53580936031,11.133,2.058,3.730,32.11
53581069231,11.135,2.058,3.729,32.11
53581203631,11.139,2.059,3.728,32.11
53581336831,11.140,2.059,3.731,32.11
53581470031,11.135,2.058,3.728,32.11
53581604431,11.138,2.057,3.730,32.11
53581737631,11.133,2.057,3.729,32.11
53581870831,11.135,2.057,3.732,32.11
53582005231,11.136,2.057,3.733,32.11
53582138431,11.143,2.059,3.732,32.11
53582271631,11.150,2.059,3.732,32.11
53582406031,11.150,2.058,3.732,32.11
53582539631,11.146,2.058,3.737,32.11
53582672831,11.143,2.059,3.738,32.11
53582807231,11.150,2.059,3.739,32.11
53582940431,11.144,2.059,3.737,32.11
53583073631,11.143,2.058,3.737,32.10
53583208431,11.147,2.058,3.734,32.10
53583342031,11.148,2.058,3.729,32.10
53583475231,11.144,2.057,3.730,32.10
53583610031,11.138,2.058,3.732,32.10
53583743231,11.142,2.060,3.732,32.10
53583876431,11.146,2.061,3.729,32.10
53584011231,11.146,2.062,3.734,32.10
53584144831,11.146,2.062,3.734,32.10
53584278031,11.150,2.063,3.734,32.10
53584412831,11.145,2.062,3.735,32.09
53584546031,11.137,2.061,3.731,32.09
53584679231,11.139,2.061,3.732,32.09
53584814031,11.136,2.062,3.731,32.09
53584947631,11.131,2.062,3.729,32.09
53585080831,11.129,2.062,3.730,32.09
53585215631,11.131,2.063,3.730,32.09
53585348831,11.128,2.063,3.729,32.09
53585482031,11.125,2.062,3.730,32.09
53585616431,11.126,2.063,3.730,32.09
53585750032,11.124,2.062,3.727,32.09
53585883231,11.122,2.062,3.726,32.09
53586018031,11.121,2.063,3.727,32.09
53586151631,11.122,2.062,3.725,32.09
53586284831,11.121,2.062,3.728,32.09
53586419631,11.123,2.060,3.725,32.09
53586553231,11.130,2.059,3.725,32.09
53586686431,11.128,2.059,3.722,32.09
53586821231,11.130,2.057,3.725,32.09
53586954431,11.133,2.058,3.725,32.09
53587088031,11.137,2.058,3.726,32.09
53587222431,11.142,2.057,3.723,32.09
53587355631,11.139,2.057,3.726,32.08
53587489231,11.132,2.056,3.726,32.08
53587623632,11.124,2.056,3.726,32.08
53587756831,11.118,2.057,3.727,32.08
53587890031,11.107,2.057,3.730,32.08
53588024513,11.107,2.059,3.730,32.08
53588158031,11.108,2.057,3.730,32.08
53588291231,11.116,2.057,3.729,32.08
53588425715,11.120,2.057,3.727,32.08
53588558831,11.121,2.058,3.725,32.08
53588692031,11.117,2.057,3.725,32.08
53588825231,11.116,2.057,3.726,32.08
53588958431,11.119,2.057,3.725,32.08
53589092031,11.116,2.057,3.722,32.08
53589225231,11.115,2.057,3.724,32.08
53589358431,11.119,2.057,3.725,32.08
53589491631,11.124,2.057,3.725,32.08
53589624831,11.122,2.055,3.726,32.08
53589758431,11.127,2.055,3.724,32.08
53589892031,11.132,2.055,3.727,32.08
53590025231,11.135,2.055,3.727,32.08
53590159631,11.135,2.054,3.727,32.08
53590292831,11.127,2.054,3.726,32.08
53590426031,11.131,2.055,3.724,32.08
53590560831,11.127,2.054,3.721,32.08
53590694031,11.121,2.053,3.722,32.08
53590827631,11.118,2.053,3.722,32.08
53590962431,11.118,2.054,3.721,32.08
53591095631,11.118,2.054,3.725,32.08
53591228831,11.126,2.053,3.725,32.08
53591363231,11.127,2.055,3.723,32.08
53591496431,11.133,2.055,3.723,32.08
53591629631,11.131,2.056,3.725,32.08
53591764431,11.134,2.054,3.723,32.08
53591898031,11.135,2.055,3.719,32.08
53592031231,11.134,2.058,3.718,32.08
53592166031,11.128,2.059,3.717,32.08
53592299231,11.127,2.058,3.722,32.07
53592432831,11.133,2.057,3.720,32.07
53592567231,11.130,2.054,3.717,32.07
53592700431,11.128,2.054,3.716,32.07
53592833631,11.125,2.057,3.718,32.07
53592968031,11.124,2.059,3.722,32.07
53593101231,11.125,2.059,3.724,32.07
53593234431,11.126,2.058,3.727,32.07
53593369231,11.129,2.058,3.726,32.07
53593502431,11.134,2.058,3.727,32.07
53593635631,11.136,2.058,3.725,32.07
53593770431,11.127,2.057,3.725,32.07
53593903631,11.121,2.057,3.729,32.07
53594036831,11.129,2.057,3.729,32.07
53594171231,11.134,2.055,3.728,32.07
53594304431,11.130,2.055,3.728,32.07
53594437631,11.131,2.055,3.731,32.06
53594572031,11.134,2.055,3.729,32.06
53594705231,11.137,2.053,3.727,32.06
53594838431,11.130,2.051,3.726,32.06
53594972831,11.125,2.053,3.724,32.06
53595106031,11.123,2.055,3.720,32.06
53595239631,11.122,2.056,3.722,32.06
53595374431,11.123,2.056,3.719,32.06
53595508031,11.119,2.058,3.720,32.06
53595641231,11.121,2.058,3.722,32.05
53595776031,11.124,2.059,3.724,32.05
53595909231,11.123,2.058,3.724,32.05
53596042431,11.116,2.060,3.725,32.05
53596177231,11.125,2.060,3.724,32.05
53596310831,11.127,2.061,3.724,32.05
53596444431,11.124,2.061,3.721,32.05
53596579231,11.120,2.062,3.726,32.05
53596712831,11.117,2.062,3.721,32.05
53596846031,11.122,2.060,3.720,32.05
53596980831,11.120,2.059,3.724,32.05
53597114431,11.121,2.058,3.724,32.05
53597247631,11.117,2.056,3.724,32.05
53597382431,11.114,2.056,3.727,32.05
53597515631,11.109,2.053,3.729,32.05
53597648831,11.111,2.054,3.727,32.04
53597783231,11.116,2.054,3.726,32.04
53597916431,11.111,2.054,3.727,32.04
53598050031,11.103,2.054,3.724,32.04
53598184831,11.102,2.054,3.720,32.04
53598318031,11.102,2.055,3.722,32.04
53598451231,11.103,2.056,3.725,32.04
53598586031,11.107,2.056,3.720,32.04
53598719231,11.104,2.058,3.717,32.04
53598852431,11.108,2.059,3.712,32.04
53598987231,11.109,2.057,3.715,32.04
53599120431,11.105,2.057,3.715,32.04
53599253631,11.096,2.057,3.713,32.04
53599388431,11.101,2.057,3.713,32.04
53599521631,11.100,2.057,3.714,32.04
53599655231,11.103,2.059,3.713,32.04
53599789631,11.098,2.059,3.714,32.04
53599922831,11.110,2.058,3.715,32.04
53600056431,11.105,2.060,3.718,32.03
53600191231,11.113,2.060,3.716,32.03
53600324431,11.109,2.057,3.714,32.03
53600458031,11.110,2.055,3.715,32.03
53600592831,11.107,2.057,3.714,32.03
53600726031,11.109,2.056,3.716,32.03
53600859231,11.110,2.056,3.715,32.03
53600994031,11.109,2.055,3.717,32.03
53601127231,11.107,2.054,3.718,32.03
53601260431,11.110,2.054,3.719,32.03
53601395231,11.111,2.052,3.719,32.03
53601528831,11.103,2.051,3.719,32.03
53601662031,11.105,2.052,3.719,32.03
53601796431,11.108,2.054,3.717,32.03
53601930031,11.112,2.054,3.720,32.03
53602063231,11.102,2.055,3.723,32.03
53602198031,11.103,2.057,3.722,32.03
53602331631,11.101,2.056,3.721,32.03
53602464831,11.106,2.056,3.718,32.03
53602599231,11.110,2.056,3.717,32.03
53602732431,11.114,2.055,3.718,32.03
53602865631,11.114,2.054,3.720,32.03
53603000431,11.121,2.054,3.718,32.03
53603133631,11.118,2.056,3.717,32.03
53603266831,11.116,2.058,3.714,32.03
53603401631,11.121,2.057,3.713,32.03
53603534831,11.117,2.056,3.710,32.03
53603668031,11.114,2.054,3.708,32.03
53603802831,11.111,2.051,3.704,32.03
53603936031,11.115,2.050,3.703,32.03
53604069231,11.109,2.051,3.699,32.03
53604203631,11.103,2.049,3.702,32.03
53604336831,11.104,2.049,3.703,32.03
53604470431,11.099,2.048,3.704,32.02
53604604831,11.098,2.048,3.705,32.02
53604738031,11.100,2.046,3.709,32.02
53604871231,11.109,2.046,3.710,32.02
53605006031,11.114,2.048,3.715,32.02
53605139231,11.111,2.048,3.715,32.02
53605272431,11.102,2.048,3.717,32.02
53605407231,11.099,2.047,3.717,32.02
53605540431,11.097,2.047,3.713,32.02
53605673631,11.095,2.049,3.713,32.02
53605808031,11.096,2.047,3.714,32.02
53605941631,11.089,2.048,3.712,32.02
53606075231,11.087,2.050,3.711,32.02
53606209631,11.092,2.050,3.706,32.02
53606342831,11.091,2.048,3.702,32.02
53606476031,11.086,2.048,3.709,32.01
53606610831,11.087,2.049,3.709,32.02
53606744031,11.088,2.051,3.711,32.01
53606877231,11.085,2.051,3.708,32.01
53607012031,11.092,2.051,3.705,32.01
53607145231,11.098,2.050,3.705,32.01
53607278831,11.100,2.048,3.704,32.01
53607413631,11.103,2.044,3.706,32.01
53607546831,11.109,2.046,3.709,32.01
53607680031,11.105,2.047,3.708,32.01
53607814831,11.101,2.045,3.712,32.01
53607948031,11.103,2.044,3.707,32.01
53608081231,11.100,2.044,3.706,32.01
53608216031,11.102,2.044,3.706,32.01
53608349231,11.109,2.044,3.707,32.01
53608482431,11.101,2.044,3.707,32.01
53608617231,11.104,2.043,3.706,32.01
53608750431,11.106,2.044,3.703,32.01
53608884031,11.107,2.043,3.705,32.01
53609018831,11.105,2.043,3.707,32.01
53609152031,11.103,2.044,3.707,32.01
53609285631,11.095,2.042,3.708,32.01
53609420431,11.094,2.042,3.706,32.01
53609553631,11.096,2.043,3.707,32.01
53609686831,11.093,2.043,3.704,32.01
53609821232,11.087,2.042,3.706,32.01
53609954431,11.096,2.043,3.705,32.01
53610087631,11.092,2.044,3.708,32.01
53610222096,11.095,2.043,3.706,32.00
53610355231,11.093,2.044,3.707,32.00
53610488431,11.097,2.045,3.709,32.00
53610621631,11.094,2.044,3.708,32.00
53610754831,11.095,2.043,3.709,32.00
53610888031,11.095,2.043,3.708,32.00
53611021631,11.102,2.043,3.709,32.00
53611154831,11.098,2.042,3.708,32.00
53611288031,11.098,2.044,3.709,32.00
53611421231,11.101,2.044,3.708,32.00
53611555231,11.105,2.044,3.709,32.00
53611688431,11.107,2.044,3.712,32.00
53611821631,11.104,2.045,3.711,32.00
53611956431,11.101,2.047,3.711,31.99
53612089631,11.101,2.046,3.709,31.99
53612222831,11.103,2.047,3.708,31.99
53612357631,11.102,2.047,3.707,31.99
53612491231,11.103,2.047,3.706,31.99
53612624431,11.100,2.047,3.706,31.99
53612759231,11.102,2.046,3.709,31.99
53612892831,11.098,2.046,3.704,31.99
53613026031,11.093,2.046,3.701,31.99
53613160431,11.091,2.046,3.699,31.99
53613293631,11.084,2.046,3.701,31.98
53613426831,11.085,2.046,3.704,31.98
53613561231,11.084,2.047,3.705,31.98
53613694431,11.088,2.049,3.706,31.98
53613828031,11.090,2.050,3.703,31.98
53613962431,11.093,2.049,3.708,31.98
53614096031,11.092,2.049,3.705,31.98
53614229631,11.090,2.049,3.705,31.98
53614364031,11.092,2.049,3.705,31.98
53614497231,11.085,2.048,3.706,31.98
53614630431,11.092,2.048,3.704,31.98
53614765231,11.092,2.047,3.705,31.98
53614898431,11.087,2.046,3.704,31.98
53615032031,11.082,2.045,3.704,31.98
53615166431,11.081,2.044,3.702,31.98
53615300031,11.083,2.042,3.702,31.98
53615433231,11.079,2.041,3.702,31.98
53615568031,11.080,2.041,3.700,31.98
53615701231,11.086,2.041,3.703,31.98
53615834431,11.086,2.042,3.701,31.98
53615968831,11.082,2.043,3.702,31.98
53616102431,11.087,2.041,3.702,31.98
53616236031,11.087,2.043,3.702,31.98
53616370831,11.085,2.044,3.702,31.98
53616504031,11.080,2.044,3.702,31.98
53616637231,11.079,2.044,3.704,31.98
53616772031,11.084,2.042,3.702,31.98
53616905231,11.080,2.043,3.702,31.98
53617038431,11.077,2.042,3.701,31.98
53617173231,11.075,2.042,3.696,31.98
53617306431,11.071,2.041,3.697,31.98
53617439631,11.070,2.042,3.697,31.98
53617574431,11.062,2.041,3.697,31.98
53617707631,11.058,2.041,3.701,31.98
53617840831,11.059,2.042,3.698,31.97
53617975631,11.056,2.041,3.697,31.97
53618108831,11.058,2.042,3.694,31.97
53618242031,11.060,2.042,3.694,31.97
53618376831,11.068,2.042,3.693,31.97
53618510031,11.066,2.043,3.698,31.97
53618643231,11.065,2.042,3.694,31.97
53618777631,11.065,2.042,3.691,31.97
53618910831,11.069,2.040,3.695,31.97
53619044031,11.058,2.040,3.695,31.97
53619178431,11.057,2.040,3.695,31.97
53619311631,11.056,2.041,3.698,31.97
53619444831,11.054,2.038,3.698,31.97
53619579631,11.054,2.040,3.697,31.97
53619712831,11.065,2.038,3.697,31.97
53619846031,11.069,2.038,3.696,31.97
53619980831,11.072,2.038,3.696,31.97
53620114431,11.075,2.037,3.699,31.96
53620248031,11.075,2.034,3.701,31.96
53620382831,11.075,2.035,3.696,31.96
53620516031,11.082,2.037,3.697,31.96
53620649231,11.083,2.037,3.694,31.96
53620783631,11.087,2.036,3.698,31.96
53620917231,11.092,2.037,3.702,31.96
53621050431,11.091,2.037,3.698,31.96
53621185231,11.087,2.036,3.698,31.96
53621318431,11.077,2.037,3.701,31.96
53621451631,11.078,2.037,3.701,31.96
53621586431,11.087,2.034,3.703,31.96
53621719631,11.080,2.035,3.700,31.96
53621853231,11.080,2.033,3.702,31.96
53621988031,11.073,2.032,3.702,31.96
53622121631,11.075,2.032,3.697,31.96
53622254831,11.069,2.031,3.693,31.96
53622389231,11.070,2.030,3.693,31.96
53622522831,11.069,2.029,3.693,31.96
53622656431,11.065,2.030,3.693,31.95
53622790831,11.065,2.031,3.696,31.95
53622924031,11.063,2.031,3.695,31.95
53623057231,11.066,2.032,3.692,31.95
53623191631,11.059,2.032,3.691,31.95
53623324831,11.068,2.032,3.689,31.95
53623458031,11.064,2.034,3.692,31.95
53623592831,11.068,2.034,3.693,31.95
53623726431,11.070,2.034,3.698,31.95
53623859631,11.072,2.036,3.696,31.95
53623994031,11.080,2.034,3.694,31.95
53624127231,11.073,2.033,3.696,31.95
53624260831,11.072,2.035,3.697,31.95
53624395231,11.077,2.037,3.700,31.95
53624528431,11.073,2.037,3.696,31.95
53624661631,11.064,2.036,3.696,31.95
53624796031,11.060,2.036,3.700,31.95
53624929231,11.064,2.036,3.701,31.95
53625062431,11.063,2.037,3.700,31.95
53625197231,11.063,2.038,3.698,31.95
53625330431,11.064,2.038,3.696,31.94
53625463631,11.067,2.037,3.698,31.95
53625598031,11.068,2.040,3.696,31.95
53625731631,11.067,2.040,3.697,31.95
53625864831,11.062,2.041,3.698,31.94
53625999631,11.057,2.039,3.698,31.94
53626132831,11.055,2.038,3.698,31.94
53626266431,11.055,2.041,3.699,31.94
53626401231,11.058,2.043,3.698,31.94
53626534431,11.058,2.040,3.699,31.94
53626667631,11.055,2.039,3.699,31.94
53626802031,11.056,2.038,3.699,31.94
53626935631,11.054,2.038,3.698,31.94
53627068831,11.062,2.039,3.699,31.94
53627203231,11.056,2.038,3.698,31.94
53627336431,11.058,2.038,3.699,31.94
53627469631,11.062,2.039,3.697,31.94
53627604031,11.061,2.041,3.695,31.94
53627737231,11.062,2.042,3.692,31.94
53627870431,11.060,2.042,3.694,31.94
53628005231,11.056,2.040,3.693,31.94
53628138431,11.062,2.039,3.691,31.94
53628271631,11.057,2.039,3.689,31.94
53628406031,11.051,2.039,3.690,31.94
53628539231,11.052,2.038,3.688,31.94
53628672431,11.053,2.039,3.687,31.94
53628807231,11.056,2.038,3.690,31.94
53628940431,11.059,2.037,3.687,31.94
53629073631,11.055,2.037,3.688,31.94
53629208431,11.057,2.037,3.688,31.94
53629341631,11.060,2.035,3.691,31.94
53629474831,11.057,2.033,3.694,31.94
53629609631,11.052,2.034,3.694,31.94
53629742831,11.056,2.035,3.695,31.94
53629876031,11.058,2.035,3.692,31.93
53630010831,11.050,2.037,3.691,31.93
53630144031,11.052,2.038,3.690,31.93
53630277231,11.059,2.037,3.691,31.93
53630411699,11.056,2.039,3.693,31.93
53630544831,11.053,2.039,3.691,31.93
53630678031,11.049,2.039,3.692,31.93
53630811231,11.057,2.038,3.692,31.93
53630944431,11.052,2.039,3.692,31.92
53631077631,11.053,2.039,3.694,31.92
53631210831,11.054,2.038,3.694,31.92
53631344031,11.058,2.035,3.695,31.92
53631477231,11.057,2.035,3.696,31.92
53631610431,11.053,2.035,3.696,31.92
53631744831,11.062,2.034,3.696,31.92
53631878031,11.059,2.034,3.698,31.92
53632011231,11.057,2.031,3.699,31.92
53632145631,11.059,2.031,3.697,31.92
53632279231,11.052,2.031,3.694,31.92
53632412431,11.052,2.031,3.696,31.92
53632547231,11.060,2.031,3.698,31.92
53632680431,11.054,2.031,3.698,31.92
53632813631,11.049,2.032,3.692,31.92
53632948031,11.047,2.035,3.690,31.92
53633081631,11.044,2.034,3.690,31.92
53633214831,11.042,2.035,3.688,31.92
53633349631,11.039,2.034,3.687,31.92
53633482831,11.039,2.035,3.682,31.92
53633616431,11.038,2.035,3.683,31.92
53633751231,11.044,2.036,3.683,31.91
53633884431,11.040,2.035,3.689,31.91
53634018031,11.048,2.033,3.689,31.91
53634152431,11.043,2.033,3.693,31.91
53634286031,11.041,2.034,3.694,31.91
53634419632,11.039,2.034,3.690,31.92
53634554431,11.041,2.035,3.684,31.92
53634688031,11.041,2.033,3.689,31.92
53634821631,11.041,2.030,3.687,31.92
53634956431,11.042,2.030,3.686,31.93
53635090031,11.045,2.032,3.688,31.93
53635223231,11.045,2.033,3.687,31.93
53635358031,11.043,2.031,3.686,31.92
53635491231,11.050,2.031,3.688,31.92
53635624431,11.053,2.030,3.692,31.92
53635758831,11.055,2.029,3.690,31.92
53635892031,11.047,2.027,3.690,31.92
53636025631,11.043,2.026,3.692,31.92
53636160431,11.046,2.026,3.692,31.92
53636294031,11.052,2.027,3.694,31.92
53636427231,11.053,2.027,3.692,31.91
53636561631,11.049,2.026,3.691,31.91
53636694831,11.051,2.025,3.693,31.91
53636828031,11.044,2.023,3.690,31.91
53636962831,11.039,2.022,3.694,31.91
53637096432,11.041,2.022,3.693,31.91
53637229631,11.043,2.023,3.693,31.91
53637364431,11.041,2.022,3.691,31.91
53637498031,11.047,2.021,3.690,31.91
53637631631,11.045,2.023,3.686,31.91
53637766431,11.046,2.021,3.682,31.91
53637899632,11.044,2.021,3.683,31.91
53638033231,11.037,2.021,3.687,31.91
53638168031,11.040,2.020,3.694,31.91
53638301631,11.042,2.017,3.695,31.91
53638435231,11.039,2.017,3.700,31.91
53638570031,11.041,2.018,3.699,31.91
53638703231,11.039,2.018,3.696,31.91
53638836831,11.041,2.017,3.698,31.90
53638971631,11.038,2.017,3.694,31.90
53639104832,11.035,2.018,3.688,31.91
53639238031,11.029,2.018,3.689,31.90
53639372831,11.033,2.020,3.689,31.90
53639506431,11.034,2.022,3.686,31.91
53639640031,11.035,2.022,3.687,31.91
53639774831,11.037,2.023,3.689,31.91
53639908431,11.032,2.024,3.692,31.90
53640042031,11.040,2.027,3.690,31.90
53640176831,11.037,2.027,3.693,32.10
53640310431,11.196,2.031,3.693,32.43
53640444031,11.475,2.038,3.696,32.73
53640578831,11.726,2.046,3.693,33.01
53640712031,11.964,2.053,3.696,33.24
53640845631,12.154,2.060,3.698,33.44
53640980431,12.326,2.064,3.699,33.63
53641113632,12.479,2.068,3.702,33.79
53641247231,12.609,2.072,3.703,33.92
53641382031,12.723,2.075,3.705,34.05
53641515631,12.822,2.079,3.703,34.17
53641649231,12.920,2.081,3.705,34.27
53641784031,13.000,2.085,3.706,34.35
53641917631,13.073,2.087,3.708,34.43
53642051231,13.138,2.089,3.710,34.50
53642186032,13.195,2.091,3.713,34.56
53642319631,13.249,2.092,3.717,34.61
53642453231,13.291,2.096,3.720,34.66
53642588031,13.318,2.098,3.718,34.70
53642721631,13.349,2.098,3.720,34.74
53642855231,13.376,2.099,3.723,34.77
53642990031,13.404,2.102,3.725,34.80
53643123632,13.426,2.104,3.724,34.83
53643257231,13.449,2.109,3.724,34.85
53643392031,13.468,2.109,3.724,34.88
53643525631,13.483,2.111,3.729,34.89
53643658831,13.493,2.110,3.730,34.91
53643793631,13.517,2.109,3.730,34.93
53643927231,13.523,2.110,3.731,34.94
53644060831,13.533,2.110,3.735,34.95
53644195631,13.538,2.112,3.735,34.97
53644329231,13.548,2.112,3.734,34.98
53644462831,13.550,2.112,3.735,34.99
53644597631,13.563,2.112,3.732,35.00
53644731231,13.567,2.110,3.732,35.01
53644864831,13.570,2.107,3.734,35.01
53644999631,13.578,2.108,3.731,35.02
53645133232,13.578,2.109,3.732,35.03
53645266831,13.586,2.108,3.736,35.03
53645401631,13.587,2.108,3.736,35.04
53645535231,13.591,2.110,3.737,35.05
53645668831,13.597,2.111,3.737,35.05
53645803631,13.605,2.111,3.737,35.05
53645937231,13.611,2.112,3.740,35.06
53646070831,13.614,2.113,3.740,35.06
53646205631,13.615,2.114,3.744,34.97
53646339231,13.523,2.113,3.748,34.62
53646472831,13.232,2.106,3.749,34.32
53646607631,12.968,2.099,3.744,34.04
53646740831,12.743,2.092,3.742,33.81
53646874431,12.545,2.087,3.744,33.59
53647009231,12.375,2.082,3.743,33.41
53647142431,12.205,2.078,3.740,33.24
53647275631,12.077,2.074,3.741,33.10
53647410431,11.957,2.071,3.740,32.97
53647543631,11.846,2.065,3.739,32.86
53647676831,11.760,2.062,3.742,32.76
53647811631,11.682,2.058,3.740,32.67
53647944831,11.611,2.054,3.740,32.59
53648078431,11.550,2.052,3.743,32.52
53648213231,11.501,2.051,3.740,32.46
53648346831,11.453,2.050,3.736,32.41
53648480431,11.411,2.049,3.730,32.36
53648615231,11.368,2.048,3.728,32.32
53648748831,11.334,2.046,3.727,32.28
53648882031,11.307,2.045,3.724,32.25
53649016831,11.281,2.043,3.723,32.22
53649150031,11.258,2.042,3.720,32.19
53649283631,11.243,2.039,3.724,32.17
53649418431,11.221,2.038,3.723,32.15
53649552031,11.202,2.037,3.724,32.13
53649685232,11.196,2.034,3.726,32.12
53649819631,11.184,2.034,3.725,32.10
53649952831,11.179,2.035,3.729,32.09
53650086431,11.167,2.034,3.727,32.08
53650220831,11.157,2.033,3.725,32.07
53650354031,11.145,2.031,3.723,32.07
53650487231,11.137,2.031,3.722,32.08
53650621703,11.141,2.035,3.718,32.34
53650754831,11.233,2.191,3.716,32.58
53650888431,11.305,2.334,3.713,32.79
53651022915,11.378,2.458,3.712,32.97
53651156031,11.445,2.575,3.712,33.14
53651289631,11.496,2.669,3.714,33.28
53651424432,11.545,2.760,3.714,33.41
53651558031,11.585,2.834,3.718,33.52
53651691631,11.627,2.899,3.719,33.62
53651826431,11.661,2.955,3.722,33.71
53651960031,11.687,3.007,3.722,33.79
53652093631,11.713,3.054,3.721,33.85
53652228432,11.733,3.092,3.721,33.91
53652362031,11.760,3.126,3.722,33.97
53652495631,11.778,3.156,3.724,34.01
53652630432,11.792,3.180,3.722,34.05
53652764031,11.803,3.203,3.723,34.09
53652897631,11.817,3.222,3.720,34.12
53653032432,11.829,3.239,3.720,34.15
53653166031,11.834,3.253,3.723,34.17
53653299631,11.840,3.266,3.725,34.19
53653434432,11.842,3.277,3.724,34.21
53653567631,11.858,3.286,3.724,34.23
53653701232,11.861,3.294,3.721,34.24
53653836031,11.861,3.302,3.720,34.26
53653969631,11.861,3.311,3.722,34.27
53654103231,11.868,3.320,3.721,34.29
53654237675,11.874,3.326,3.724,34.29
53654371231,11.880,3.332,3.723,34.30
53654504831,11.891,3.336,3.723,34.31
53654639357,11.897,3.339,3.725,34.32
53654772831,11.906,3.341,3.725,34.33
53654906431,11.900,3.344,3.728,34.33
53655041035,11.906,3.347,3.731,34.34
53655174431,11.904,3.350,3.732,34.35
53655308031,11.904,3.355,3.733,34.35
53655442695,11.903,3.357,3.733,34.35
53655576031,11.909,3.358,3.735,34.36
53655709631,11.911,3.360,3.738,34.36
53655844464,11.913,3.362,3.737,34.36
53655978032,11.903,3.362,3.738,34.37
53656111631,11.905,3.364,3.740,34.37
53656246360,11.907,3.365,3.741,34.38
53656379631,11.912,3.365,3.739,34.37
53656513231,11.910,3.365,3.741,34.38
53656647759,11.914,3.364,3.736,34.38
53656781231,11.915,3.366,3.733,34.38
53656914832,11.914,3.366,3.734,34.35
53657049595,11.902,3.362,3.737,34.08
53657182831,11.805,3.191,3.733,33.83
53657316431,11.731,3.051,3.733,33.62
53657450937,11.668,2.927,3.733,33.44
53657584031,11.600,2.812,3.732,33.27
53657717631,11.539,2.719,3.737,33.12
53657852097,11.492,2.638,3.734,32.99
53657985631,11.449,2.560,3.735,32.88
53658118831,11.420,2.496,3.735,32.78
53658253298,11.383,2.442,3.734,32.69
53658386831,11.353,2.393,3.733,32.61
53658520431,11.324,2.347,3.730,32.54
53658654920,11.300,2.309,3.728,32.48
53658788031,11.276,2.276,3.723,32.43
53658921631,11.259,2.247,3.723,32.38
53659056114,11.237,2.221,3.725,32.34
53659189631,11.217,2.200,3.720,32.30
53659323231,11.202,2.179,3.720,32.27
53659458031,11.187,2.160,3.722,32.24
53659591231,11.176,2.145,3.721,32.21
53659724431,11.165,2.130,3.720,32.19
53659858942,11.158,2.120,3.719,32.17
53659992432,11.149,2.109,3.714,32.15
53660125631,11.141,2.103,3.714,32.13
53660260096,11.137,2.094,3.709,32.11
53660393631,11.129,2.087,3.713,32.10
53660526831,11.130,2.080,3.711,32.09
53660661632,11.130,2.075,3.711,32.08
53660795231,11.124,2.070,3.711,32.07
53660928431,11.118,2.066,3.708,32.06
53661063231,11.118,2.062,3.709,32.05
53661196831,11.116,2.060,3.707,32.04
53661330431,11.107,2.060,3.706,32.03
53661465232,11.109,2.057,3.706,32.03
53661598431,11.100,2.055,3.707,32.02
53661732031,11.093,2.054,3.709,32.02
53661866535,11.095,2.049,3.709,32.01
53662000032,11.098,2.048,3.710,32.01
53662133631,11.098,2.046,3.708,32.00
53662268427,11.097,2.045,3.706,32.09
53662402031,11.108,2.083,3.730,32.30
53662535631,11.137,2.202,3.774,32.49
53662670143,11.170,2.305,3.813,32.66
53662803631,11.202,2.401,3.850,32.81
53662936831,11.216,2.482,3.876,32.94
53663071632,11.237,2.553,3.903,33.05
53663204831,11.257,2.613,3.925,33.15
53663338431,11.277,2.667,3.946,33.24
53663472904,11.300,2.715,3.964,33.32
53663606431,11.316,2.755,3.982,33.39
53663739631,11.331,2.793,3.991,33.45
53663874432,11.346,2.823,4.006,33.50
53664008032,11.359,2.853,4.016,33.55
53664141631,11.369,2.879,4.024,33.59
53664276432,11.376,2.904,4.034,33.63
53664410031,11.385,2.924,4.043,33.66
53664543631,11.391,2.940,4.045,33.69
53664678113,11.396,2.959,4.053,33.71
53664811631,11.399,2.970,4.059,33.74
53664945231,11.409,2.981,4.065,33.75
53665079864,11.407,2.988,4.066,33.77
53665213231,11.412,2.998,4.073,33.79
53665346831,11.414,3.004,4.076,33.80
53665481387,11.411,3.010,4.076,33.82
53665614831,11.418,3.017,4.082,33.82
53665748431,11.418,3.020,4.086,33.83
53665883232,11.426,3.024,4.088,33.84
53666016832,11.432,3.028,4.094,33.85
53666150431,11.434,3.032,4.099,33.86
53666284802,11.432,3.033,4.102,33.86
53666418031,11.437,3.036,4.104,33.87
53666551631,11.437,3.040,4.106,33.88
53666686432,11.446,3.045,4.106,33.88
53666820031,11.448,3.047,4.107,33.89
53666953631,11.448,3.048,4.109,33.89
53667088432,11.444,3.049,4.107,33.90
53667222032,11.454,3.053,4.113,33.90
53667355631,11.459,3.056,4.114,33.90
53667490065,11.452,3.055,4.113,33.90
53667623631,11.449,3.057,4.116,33.91
53667756831,11.447,3.057,4.113,33.91
53667891632,11.448,3.061,4.116,33.91
53668025232,11.447,3.062,4.112,33.91
53668158831,11.441,3.060,4.115,33.91
53668293632,11.445,3.061,4.113,33.92
53668427231,11.450,3.061,4.112,33.92
53668560831,11.459,3.060,4.111,33.92
53668695632,11.460,3.055,4.109,33.92
53668829231,11.461,3.056,4.111,33.92
53668962831,11.453,3.058,4.116,33.93
53669097632,11.456,3.060,4.118,33.90
53669231231,11.451,3.055,4.113,33.68
53669364431,11.408,2.923,4.060,33.48
53669498832,11.380,2.814,4.015,33.30
53669632031,11.347,2.721,3.980,33.15
53669765631,11.320,2.638,3.952,33.01
53669900198,11.295,2.559,3.923,32.89
53670033232,11.269,2.498,3.894,32.79
53670166431,11.250,2.443,3.875,32.69
53670301330,11.227,2.393,3.858,32.61
53670434831,11.216,2.346,3.841,32.54
53670568031,11.201,2.310,3.823,32.48
53670702832,11.187,2.277,3.810,32.42
53670836031,11.170,2.246,3.799,32.37
53670969631,11.166,2.221,3.788,32.32
53671104180,11.153,2.198,3.779,32.28
53671237231,11.151,2.177,3.771,32.25
53671370831,11.146,2.159,3.763,32.22
53671505307,11.134,2.144,3.758,32.19
53671638431,11.132,2.131,3.750,32.16
53671771631,11.119,2.120,3.746,32.14
53671906590,11.110,2.113,3.742,32.12
53672040032,11.098,2.105,3.740,32.10
53672173231,11.099,2.096,3.735,32.08
53672307713,11.091,2.090,3.730,32.07
53672441231,11.093,2.084,3.724,32.06
53672574431,11.092,2.079,3.720,32.05
53672709232,11.091,2.075,3.717,32.04
53672842831,11.088,2.070,3.716,32.03
53672976431,11.090,2.066,3.714,32.02
53673111232,11.095,2.063,3.714,32.02
53673244831,11.090,2.060,3.715,32.01
53673378031,11.086,2.056,3.713,32.01
53673512646,11.080,2.055,3.710,32.00
53673645631,11.070,2.054,3.712,31.99
53673779231,11.069,2.051,3.711,31.99
53673913697,11.065,2.049,3.708,31.98
53674047232,11.061,2.046,3.705,31.98
53674180831,11.064,2.046,3.704,31.97
53674315631,11.054,2.046,3.701,31.97
53674449231,11.052,2.042,3.705,32.08
53674582431,11.068,2.069,3.755,32.36
53674717009,11.095,2.173,3.883,32.60
53674850431,11.125,2.254,3.979,32.73
53674984032,11.147,2.291,4.040,32.93
53675118762,11.173,2.360,4.118,33.11
53675252031,11.199,2.426,4.197,33.26
53675385631,11.215,2.477,4.263,33.24
53675520208,11.218,2.470,4.255,33.38
53675653231,11.233,2.516,4.315,33.51
53675786832,11.241,2.559,4.369,33.62
53675921632,11.262,2.597,4.410,33.67
53676055232,11.264,2.612,4.419,33.65
53676188831,11.271,2.603,4.415,33.74
53676323632,11.283,2.637,4.449,33.83
53676457231,11.298,2.668,4.478,33.90
53676590431,11.310,2.693,4.506,33.79
53676724933,11.301,2.657,4.465,33.87
53676858431,11.306,2.681,4.497,33.94
53676992032,11.309,2.703,4.527,34.01
53677126622,11.321,2.726,4.555,34.00
53677260032,11.313,2.726,4.551,33.95
53677393631,11.315,2.699,4.534,34.01
53677528197,11.328,2.720,4.561,34.06
53677661631,11.336,2.738,4.581,34.11
53677795231,11.339,2.752,4.598,33.99
53677929820,11.337,2.712,4.548,34.05
53678063232,11.350,2.732,4.573,34.10
53678196831,11.358,2.748,4.591,34.14
53678331544,11.362,2.763,4.610,34.12
53678464831,11.360,2.753,4.593,34.06
53678598431,11.350,2.727,4.574,34.11
53678733093,11.357,2.744,4.594,34.15
53678866431,11.365,2.758,4.614,34.19
53678999632,11.366,2.767,4.622,34.06
53679134432,11.358,2.721,4.575,34.11
53679268032,11.360,2.738,4.595,34.16
53679401231,11.368,2.754,4.617,34.20
53679535790,11.369,2.768,4.632,34.16
53679669231,11.365,2.759,4.609,34.10
53679802431,11.360,2.732,4.592,34.15
53679937232,11.363,2.748,4.610,34.19
53680070832,11.376,2.763,4.624,34.22
53680204431,11.381,2.774,4.633,34.09
53680338892,11.375,2.728,4.583,34.14
53680472431,11.372,2.744,4.606,34.18
53680606031,11.374,2.759,4.622,34.22
53680740695,11.388,2.774,4.635,34.18
53680874031,11.378,2.761,4.609,34.13
53681007632,11.383,2.742,4.585,34.17
53681142431,11.388,2.757,4.599,34.21
53681276031,11.395,2.774,4.617,34.24
53681409631,11.399,2.783,4.629,34.06
53681544432,11.370,2.724,4.555,33.82
53681677631,11.342,2.641,4.450,33.60
53681810831,11.316,2.565,4.356,33.41
53681945358,11.291,2.504,4.277,33.25
53682078432,11.268,2.449,4.210,33.10
53682211631,11.247,2.396,4.149,32.97
53682344832,11.237,2.354,4.097,32.86
53682478031,11.215,2.316,4.057,32.75
53682611631,11.200,2.280,4.016,32.66
53682744831,11.193,2.252,3.975,32.59
53682878431,11.189,2.224,3.940,32.51
53683012032,11.174,2.201,3.911,32.45
53683145631,11.164,2.180,3.890,32.40
53683279231,11.150,2.162,3.870,32.35
53683412831,11.143,2.146,3.852,32.31
53683546431,11.131,2.131,3.836,32.27
53683680031,11.127,2.118,3.820,32.24
53683813631,11.126,2.108,3.807,32.21
53683947231,11.118,2.097,3.793,32.18
53684080831,11.113,2.089,3.786,32.15
53684214431,11.112,2.081,3.777,32.14
53684348031,11.107,2.076,3.771,32.12
53684482831,11.101,2.070,3.765,32.10
53684616031,11.096,2.066,3.758,32.09
53684749631,11.095,2.061,3.749,32.07
53684884031,11.095,2.058,3.744,32.06
53685017631,11.099,2.055,3.739,32.05
53685150831,11.094,2.052,3.734,32.04
53685285632,11.091,2.050,3.730,32.03
53685419231,11.090,2.048,3.726,32.02
53685552431,11.083,2.044,3.723,32.03
53685686831,11.084,2.043,3.719,32.02
53685820431,11.082,2.040,3.719,32.77
53685953631,11.095,2.105,3.863,33.52
53686088431,11.113,2.173,3.986,34.20
53686222031,11.128,2.230,4.095,34.78
53686355231,11.141,2.285,4.198,35.31
53686490031,11.152,2.331,4.278,35.75
53686623631,11.166,2.373,4.354,36.16
53686757231,11.177,2.411,4.422,36.51
53686892031,11.198,2.446,4.485,36.82
53687025632,11.209,2.475,4.534,37.09
53687159231,11.223,2.499,4.577,37.32
53687294031,11.237,2.521,4.616,37.53
53687427631,11.245,2.537,4.654,37.72
53687561232,11.252,2.553,4.681,37.87
53687696036,11.261,2.565,4.702,38.01
53687829631,11.281,2.579,4.730,38.14
53687963231,11.290,2.589,4.753,38.25
53688098032,11.295,2.599,4.770,38.34
53688232031,11.301,2.609,4.783,38.43
53688365631,11.312,2.618,4.798,38.51
53688500431,11.323,2.629,4.814,38.58
53688634031,11.331,2.636,4.828,38.64
53688767631,11.333,2.641,4.827,38.68
53688902431,11.335,2.646,4.836,38.73
53689036032,11.337,2.649,4.843,38.78
53689169631,11.344,2.653,4.855,38.82
53689304431,11.352,2.656,4.862,38.84
53689438031,11.355,2.659,4.866,38.87
53689571632,11.359,2.662,4.872,38.90
53689706431,11.367,2.666,4.874,38.93
53689840031,11.372,2.671,4.881,38.94
53689973631,11.372,2.671,4.878,38.96
53690108832,11.370,2.672,4.884,38.98
53690242431,11.373,2.673,4.885,39.00
53690376032,11.378,2.675,4.893,39.02
53690510831,11.388,2.677,4.897,39.02
53690644431,11.397,2.677,4.899,39.04
53690778031,11.389,2.678,4.903,39.05
53690912831,11.390,2.679,4.907,39.07
53691046432,11.396,2.678,4.911,39.08
53691180031,11.394,2.678,4.916,39.09
53691314831,11.398,2.677,4.915,39.10
53691448431,11.403,2.676,4.919,39.11
53691582031,11.401,2.677,4.919,39.12
53691716831,11.402,2.678,4.921,39.11
53691850431,11.403,2.682,4.922,39.12
53691984031,11.404,2.684,4.922,39.13
53692118832,11.411,2.683,4.922,39.14
53692252431,11.417,2.683,4.929,39.13
53692386031,11.423,2.682,4.929,39.14
53692520831,11.424,2.683,4.931,39.15
53692654431,11.421,2.684,4.933,39.16
53692787631,11.430,2.684,4.936,39.17
53692922431,11.429,2.685,4.937,39.15
53693056032,11.424,2.683,4.938,39.16
53693189631,11.427,2.687,4.939,39.17
53693324431,11.424,2.688,4.942,39.18
53693458031,11.424,2.687,4.943,39.17
53693591631,11.432,2.689,4.935,39.18
53693726431,11.438,2.689,4.932,39.18
53693860031,11.441,2.690,4.930,39.19
53693993631,11.446,2.690,4.932,39.20
53694128431,11.443,2.691,4.937,38.52
53694262031,11.422,2.634,4.816,37.75
53694395631,11.396,2.561,4.675,37.06
53694530431,11.383,2.500,4.562,36.47
53694664031,11.361,2.446,4.464,35.94
53694797231,11.346,2.399,4.376,35.49
53694932031,11.326,2.354,4.298,35.08
53695065632,11.320,2.319,4.232,34.73
53695198831,11.305,2.286,4.173,34.42
53695333631,11.284,2.258,4.118,34.14
53695467231,11.269,2.234,4.072,33.91
53695600831,11.257,2.212,4.032,33.69
53695735631,11.243,2.194,4.000,33.51
53695869231,11.241,2.177,3.962,33.34
53696002831,11.236,2.165,3.936,33.20
53696137631,11.234,2.151,3.911,33.07
53696271231,11.231,2.139,3.887,32.96
53696404831,11.223,2.129,3.868,32.86
53696539631,11.224,2.120,3.857,32.77
53696672831,11.212,2.110,3.836,32.69
53696806431,11.203,2.101,3.826,32.63
53696941231,11.201,2.096,3.814,32.57
53697074832,11.191,2.089,3.806,32.51
53697208031,11.193,2.084,3.796,32.47
53697342831,11.193,2.080,3.785,32.43
53697476431,11.194,2.074,3.781,32.39
53697610031,11.190,2.071,3.778,32.36
53697744831,11.184,2.069,3.776,32.33
53697878431,11.170,2.066,3.768,32.30
53698012031,11.160,2.064,3.764,32.28
53698146432,11.152,2.064,3.757,32.26
53698279631,11.149,2.062,3.754,32.24
53698413231,11.148,2.062,3.755,32.22
53698548031,11.145,2.060,3.750,32.21
53698681631,11.145,2.057,3.746,32.19
53698815231,11.138,2.056,3.744,32.18
53698950031,11.134,2.054,3.742,32.17
53699083632,11.130,2.052,3.738,32.16
53699216831,11.124,2.049,3.736,32.15
53699351631,11.121,2.048,3.730,32.22
53699484831,11.126,2.048,3.750,33.04
53699618432,11.139,2.127,3.873,33.76
53699753231,11.166,2.198,3.979,34.41
53699886431,11.189,2.264,4.085,34.96
53700020031,11.212,2.317,4.167,35.46
53700154831,11.233,2.362,4.242,35.89
53700288431,11.244,2.405,4.308,36.28
53700422032,11.256,2.444,4.361,36.61
53700556831,11.265,2.478,4.408,36.91
53700690431,11.279,2.506,4.456,37.16
53700823631,11.300,2.534,4.499,37.39
53700958431,11.303,2.554,4.531,37.59
53701092032,11.311,2.574,4.560,37.62
53701225631,11.324,2.576,4.561,37.08
53701360431,11.314,2.523,4.492,37.32
53701494031,11.322,2.544,4.529,37.53
53701627631,11.341,2.567,4.569,37.71
53701762431,11.347,2.584,4.596,37.87
53701896031,11.348,2.599,4.618,37.75
53702029631,11.346,2.588,4.604,37.91
53702164431,11.352,2.604,4.632,38.06
53702298031,11.359,2.617,4.651,38.18
53702431632,11.366,2.630,4.669,37.98
53702566431,11.361,2.610,4.644,38.12
53702700032,11.372,2.624,4.667,38.24
53702833631,11.370,2.639,4.683,38.35
53702968431,11.375,2.647,4.695,38.37
53703102032,11.378,2.651,4.691,38.23
53703235631,11.383,2.634,4.682,38.34
53703370431,11.394,2.646,4.693,38.43
53703504031,11.402,2.656,4.710,38.52
53703637631,11.414,2.664,4.722,38.30
53703772431,11.413,2.643,4.693,38.40
53703906031,11.421,2.654,4.706,38.49
53704039631,11.418,2.665,4.714,38.57
53704174431,11.424,2.673,4.728,38.50
53704308031,11.427,2.672,4.714,38.43
53704441631,11.429,2.659,4.709,38.51
53704576431,11.433,2.669,4.719,38.59
53704709632,11.437,2.677,4.729,38.66
53704842831,11.446,2.684,4.739,38.40
53704977631,11.446,2.657,4.696,38.49
53705110832,11.459,2.666,4.712,38.57
53705244431,11.456,2.677,4.726,38.65
53705379231,11.456,2.685,4.739,38.50
53705512831,11.453,2.675,4.714,38.48
53705646431,11.460,2.668,4.720,38.56
53705781231,11.464,2.677,4.731,38.63
53705914832,11.460,2.683,4.743,38.70
53706048431,11.459,2.689,4.752,38.46
53706182919,11.465,2.667,4.723,38.55
53706316031,11.473,2.673,4.732,38.63
53706449632,11.474,2.682,4.742,38.70
53706584432,11.479,2.687,4.752,38.47
53706718031,11.471,2.669,4.712,38.52
53706851631,11.475,2.670,4.726,38.60
53706986432,11.480,2.679,4.740,38.68
53707120032,11.488,2.687,4.750,38.74
53707253631,11.496,2.694,4.760,38.50
53707388432,11.488,2.669,4.721,38.59
53707522031,11.491,2.678,4.736,38.66
53707655631,11.491,2.684,4.749,38.73
53707790432,11.498,2.690,4.757,38.45
53707923631,11.495,2.668,4.711,37.68
53708057231,11.471,2.593,4.591,37.03
53708192031,11.454,2.526,4.487,36.44
53708325231,11.428,2.470,4.401,35.94
53708458831,11.403,2.418,4.317,35.48
53708593342,11.385,2.375,4.247,35.09
53708726831,11.373,2.336,4.184,34.75
53708860431,11.356,2.305,4.132,34.44
53708995231,11.345,2.276,4.086,34.18
53709128431,11.328,2.250,4.047,33.94
53709262031,11.321,2.227,4.014,33.74
53709396832,11.308,2.204,3.980,33.56
53709530031,11.305,2.186,3.956,33.40
53709663631,11.294,2.171,3.930,33.26
53709798431,11.283,2.159,3.912,33.13
53709932031,11.280,2.146,3.891,33.02
53710065231,11.275,2.136,3.875,32.93
53710200032,11.262,2.128,3.859,32.84
53710333631,11.251,2.120,3.848,32.77
53710467255,11.241,2.117,3.833,32.70
53710602032,11.244,2.110,3.822,32.64
53710735631,11.242,2.103,3.815,32.59
53710869231,11.251,2.097,3.806,32.55
53711003668,11.244,2.095,3.799,32.51
53711136831,11.241,2.089,3.794,32.47
53711270431,11.238,2.086,3.793,32.44
53711405232,11.228,2.085,3.789,32.41
53711538431,11.226,2.081,3.785,32.39
53711671631,11.225,2.080,3.780,32.37
53711806432,11.224,2.077,3.776,32.35
53711940031,11.221,2.073,3.770,32.34
53712073231,11.219,2.072,3.768,32.33
53712207632,11.223,2.072,3.765,32.64
53712341231,11.499,2.077,3.768,32.95
53712474431,11.769,2.083,3.766,33.23
53712608832,11.973,2.092,3.769,33.47
53712742031,12.191,2.098,3.765,33.69
53712875231,12.369,2.105,3.767,33.88
53713010032,12.527,2.109,3.771,34.05
53713143631,12.679,2.114,3.768,34.20
53713277231,12.806,2.115,3.770,34.33
53713412032,12.891,2.118,3.769,34.44
53713545631,12.996,2.119,3.773,34.54
53713679232,13.087,2.124,3.773,34.63
53713814032,13.138,2.124,3.776,34.70
53713947631,13.213,2.124,3.777,34.77
53714081231,13.257,2.127,3.778,34.83
53714216032,13.307,2.129,3.781,34.88
53714349631,13.360,2.132,3.783,34.93
53714482831,13.409,2.133,3.783,34.96
53714617631,13.449,2.135,3.782,35.00
53714751231,13.483,2.139,3.781,35.03
53714884831,13.509,2.141,3.782,35.06
53715019632,13.530,2.141,3.784,35.09
53715153231,13.557,2.142,3.783,35.12
53715286831,13.584,2.142,3.785,35.13
53715421632,13.604,2.145,3.785,35.16
53715555231,13.625,2.144,3.785,35.17
53715688831,13.639,2.146,3.785,35.19
53715823632,13.631,2.145,3.786,35.20
53715957232,13.642,2.145,3.783,35.21
53716090831,13.649,2.147,3.784,35.23
53716225632,13.655,2.149,3.784,35.23
53716359231,13.668,2.149,3.786,35.24
53716492831,13.676,2.149,3.790,35.24
53716627318,13.690,2.149,3.792,35.25
53716760832,13.704,2.151,3.792,35.25
53716894431,13.712,2.150,3.791,35.26
53717028961,13.693,2.149,3.789,35.27
53717162431,13.710,2.150,3.792,35.28
53717296031,13.720,2.151,3.793,35.28
53717430558,13.724,2.151,3.792,35.29
53717564031,13.725,2.151,3.794,35.29
53717697231,13.727,2.150,3.797,35.29
53717831715,13.737,2.152,3.794,35.29
53717965232,13.738,2.152,3.798,35.30
53718098831,13.738,2.154,3.802,35.30
53718233454,13.744,2.155,3.798,35.31
53718366831,13.748,2.154,3.799,35.09
53718500431,13.565,2.150,3.797,34.76
53718635231,13.264,2.142,3.796,34.46
53718768831,13.032,2.133,3.789,34.19
53718902431,12.823,2.128,3.791,33.97
53719036877,12.619,2.122,3.789,33.77
53719170031,12.464,2.118,3.789,33.59
53719303631,12.320,2.115,3.790,33.43
53719438118,12.194,2.111,3.787,33.30
53719571232,12.079,2.107,3.789,33.17
53719704431,11.981,2.103,3.790,33.07
53719839295,11.891,2.100,3.787,32.97
53719972431,11.804,2.095,3.781,32.89
53720106031,11.738,2.090,3.775,32.81
53720240502,11.672,2.086,3.771,32.75
53720373631,11.618,2.083,3.767,32.69
53720506831,11.568,2.083,3.764,32.64
53720640031,11.527,2.081,3.763,32.59
53720773231,11.489,2.081,3.762,32.55
53720906431,11.453,2.080,3.763,32.52
53721040031,11.422,2.078,3.763,32.49
53721173231,11.396,2.074,3.763,32.46
53721306831,11.377,2.073,3.767,32.43
53721440031,11.362,2.073,3.764,32.41
53721573632,11.352,2.074,3.763,32.39
53721707232,11.333,2.073,3.760,32.37
53721840431,11.318,2.071,3.758,32.35
53721975231,11.301,2.071,3.755,32.34
53722108831,11.285,2.071,3.751,32.32
53722242431,11.276,2.070,3.750,32.31
53722377231,11.274,2.067,3.748,32.30
53722510431,11.266,2.066,3.746,32.29
53722643631,11.259,2.063,3.746,32.29
53722778431,11.252,2.061,3.744,32.28
53722911631,11.247,2.062,3.746,32.27
53723045231,11.248,2.060,3.749,32.26
53723180031,11.242,2.059,3.746,32.25
53723313631,11.236,2.059,3.745,32.25
53723446831,11.235,2.060,3.746,32.24
53723581631,11.222,2.061,3.744,32.24
53723715231,11.220,2.060,3.743,32.50
53723848831,11.300,2.202,3.743,32.75
53723983631,11.378,2.346,3.745,32.96
53724117231,11.451,2.483,3.747,33.15
53724250831,11.519,2.595,3.750,33.32
53724385631,11.576,2.692,3.752,33.46
53724519231,11.626,2.782,3.748,33.59
53724652831,11.674,2.856,3.749,33.71
53724787631,11.706,2.920,3.751,33.80
53724921231,11.743,2.974,3.756,33.89
53725054831,11.771,3.030,3.753,33.97
53725189631,11.790,3.074,3.757,34.04
53725323231,11.817,3.116,3.759,34.10
53725456831,11.840,3.147,3.761,34.16
53725591631,11.866,3.179,3.760,34.21
53725725231,11.879,3.206,3.757,34.25
53725858831,11.897,3.232,3.757,34.28
53725994032,11.913,3.250,3.760,34.32
53726127631,11.924,3.269,3.760,34.35
53726260831,11.938,3.286,3.764,34.37
53726395631,11.946,3.299,3.766,34.39
53726528832,11.949,3.309,3.763,34.41
53726662431,11.958,3.321,3.765,34.43
53726797231,11.973,3.333,3.768,34.45
53726930831,11.977,3.342,3.766,34.46
53727064831,11.984,3.348,3.765,34.48
53727199631,11.987,3.355,3.770,34.49
53727333231,11.986,3.359,3.769,34.50
53727466831,11.985,3.365,3.772,34.51
53727601631,11.987,3.372,3.773,34.52
53727735231,11.982,3.378,3.776,34.52
53727868831,11.987,3.381,3.773,34.53
53728003632,11.987,3.383,3.776,34.54
53728137231,11.993,3.384,3.779,34.55
53728270431,11.988,3.391,3.782,34.55
53728405232,11.995,3.393,3.779,34.55
53728538431,11.990,3.391,3.777,34.56
53728672031,12.002,3.392,3.781,34.56
53728806832,12.004,3.395,3.778,34.57
53728940031,12.004,3.395,3.775,34.57
53729073631,11.998,3.396,3.777,34.57
53729208432,12.000,3.396,3.778,34.58
53729342031,12.001,3.399,3.780,34.58
53729475631,12.004,3.399,3.782,34.58
53729610431,11.999,3.399,3.782,34.58
53729744031,12.007,3.401,3.778,34.59
53729877631,12.007,3.403,3.781,34.59
53730012432,12.008,3.404,3.779,34.56
53730146031,11.994,3.402,3.777,34.29
53730279231,11.909,3.243,3.778,34.05
53730413631,11.823,3.093,3.778,33.84
53730546831,11.751,2.969,3.774,33.64
53730680431,11.691,2.858,3.778,33.48
53730815232,11.639,2.755,3.781,33.33
53730948431,11.581,2.671,3.779,33.20
53731082031,11.535,2.600,3.778,33.09
53731216831,11.495,2.535,3.779,32.99
53731350431,11.464,2.473,3.775,32.90
53731483631,11.435,2.424,3.773,32.82
53731618431,11.410,2.382,3.772,32.75
53731752031,11.384,2.342,3.773,32.69
53731885231,11.362,2.311,3.773,32.63
53732020032,11.343,2.282,3.773,32.58
53732153631,11.334,2.255,3.771,32.54
53732287231,11.315,2.232,3.765,32.51
53732421631,11.304,2.211,3.761,32.47
53732554831,11.304,2.193,3.764,32.44
53732688431,11.298,2.177,3.763,32.41
53732823231,11.288,2.163,3.761,32.39
53732956431,11.279,2.151,3.762,32.37
53733089631,11.267,2.140,3.763,32.35
53733224431,11.262,2.130,3.758,32.33
53733357631,11.251,2.123,3.761,32.32
53733491231,11.253,2.118,3.756,32.31
53733626031,11.239,2.112,3.754,32.29
53733759231,11.231,2.108,3.755,32.28
53733892431,11.221,2.102,3.755,32.27
53734027232,11.218,2.097,3.754,32.26
53734160831,11.212,2.094,3.749,32.25
53734294431,11.204,2.088,3.748,32.25
53734429231,11.194,2.086,3.753,32.24
53734562431,11.190,2.082,3.751,32.23
53734696031,11.194,2.080,3.748,32.22
53734830831,11.197,2.078,3.748,32.22
53734964431,11.193,2.074,3.750,32.22
53735098031,11.187,2.074,3.751,32.21
53735232831,11.184,2.073,3.752,32.21
53735366431,11.178,2.073,3.751,32.32
53735500031,11.206,2.125,3.779,32.53
53735634831,11.254,2.251,3.821,32.72
53735768432,11.285,2.353,3.860,32.88
53735902031,11.315,2.441,3.894,33.03
53736036832,11.342,2.526,3.927,33.16
53736170431,11.368,2.594,3.953,33.27
53736304031,11.392,2.655,3.976,33.37
53736438831,11.418,2.709,4.000,33.45
53736572432,11.432,2.755,4.014,33.53
53736706031,11.456,2.795,4.032,33.60
53736840831,11.465,2.831,4.044,33.66
53736974431,11.469,2.860,4.050,33.71
53737108031,11.479,2.888,4.063,33.76
53737242831,11.494,2.913,4.075,33.80
53737376431,11.504,2.937,4.087,33.83
53737510031,11.517,2.953,4.097,33.86
53737644831,11.513,2.971,4.106,33.89
53737778431,11.518,2.987,4.110,33.92
53737912031,11.520,3.000,4.114,33.94
53738046832,11.519,3.013,4.117,33.96
53738180431,11.520,3.023,4.122,33.98
53738314032,11.520,3.033,4.124,33.99
53738448831,11.524,3.043,4.126,34.01
53738582431,11.526,3.050,4.133,34.02
53738716031,11.532,3.052,4.135,34.03
53738850831,11.538,3.058,4.137,34.04
53738984431,11.533,3.063,4.140,34.05
53739118031,11.532,3.069,4.140,34.06
53739252831,11.534,3.074,4.139,34.07
53739386431,11.542,3.073,4.141,34.07
53739520031,11.543,3.075,4.140,34.08
53739654831,11.544,3.078,4.140,34.09
53739788431,11.541,3.080,4.141,34.09
53739922031,11.547,3.080,4.143,34.09
53740056832,11.550,3.082,4.143,34.10
53740190431,11.555,3.087,4.144,34.10
53740324032,11.545,3.089,4.145,34.11
53740458831,11.537,3.090,4.145,34.11
53740592432,11.539,3.089,4.143,34.11
53740726031,11.539,3.091,4.145,34.11
53740860831,11.544,3.092,4.145,34.12
53740994431,11.551,3.093,4.144,34.12
53741128031,11.559,3.091,4.145,34.12
53741263231,11.561,3.093,4.143,34.12
53741396431,11.557,3.094,4.146,34.12
53741530031,11.564,3.094,4.147,34.13
53741664831,11.566,3.096,4.148,34.13
53741798432,11.569,3.094,4.145,34.13
53741932031,11.566,3.094,4.147,34.13
53742066832,11.564,3.093,4.149,34.14
53742200431,11.570,3.094,4.147,34.06
53742333631,11.550,3.063,4.126,33.85
53742468431,11.514,2.941,4.081,33.65
53742602031,11.485,2.836,4.040,33.48
53742735231,11.457,2.735,4.007,33.33
53742869631,11.432,2.653,3.974,33.20
53743002831,11.411,2.584,3.950,33.08
53743136031,11.395,2.521,3.929,32.97
53743270831,11.377,2.461,3.907,32.88
53743404031,11.362,2.414,3.886,32.80
53743537231,11.337,2.372,3.868,32.73
53743672031,11.316,2.333,3.854,32.67
53743805231,11.304,2.302,3.844,32.61
53743938431,11.292,2.273,3.832,32.56
53744072942,11.277,2.248,3.823,32.52
53744206431,11.266,2.224,3.813,32.48
53744340031,11.249,2.202,3.805,32.45
53744474831,11.242,2.185,3.799,32.41
53744608031,11.231,2.168,3.794,32.39
53744741631,11.231,2.157,3.786,32.36
53744876128,11.225,2.146,3.777,32.34
53745009231,11.223,2.135,3.771,32.32
53745142831,11.220,2.126,3.766,32.31
53745277300,11.225,2.117,3.767,32.29
53745410832,11.222,2.111,3.766,32.28
53745544031,11.215,2.106,3.766,32.27
53745678511,11.205,2.101,3.766,32.26
53745812031,11.208,2.099,3.766,32.24
53745945631,11.200,2.094,3.766,32.24
53746080258,11.196,2.088,3.762,32.23
53746213631,11.197,2.085,3.760,32.22
53746347231,11.197,2.081,3.759,32.21
53746481825,11.196,2.079,3.755,32.21
53746614831,11.196,2.076,3.749,32.20
53746748031,11.197,2.074,3.747,32.19
53746882895,11.186,2.072,3.746,32.19
53747016431,11.188,2.072,3.741,32.18
53747150031,11.188,2.070,3.743,32.18
53747284432,11.191,2.068,3.741,32.18
53747418031,11.192,2.067,3.739,32.17
53747551631,11.192,2.067,3.740,32.37
53747686432,11.216,2.127,3.835,32.64
53747820031,11.248,2.218,3.952,32.82
53747953631,11.273,2.285,4.025,32.99
53748088432,11.301,2.338,4.105,33.19
53748222031,11.313,2.403,4.185,33.37
53748355631,11.329,2.462,4.258,33.50
53748490432,11.343,2.507,4.310,33.50
53748624031,11.345,2.502,4.306,33.64
53748757631,11.365,2.550,4.366,33.76
53748892432,11.376,2.595,4.415,33.86
53749026031,11.399,2.631,4.454,33.82
53749159631,11.399,2.621,4.434,33.89
53749294432,11.406,2.635,4.466,33.98
53749428031,11.427,2.665,4.504,34.06
53749561632,11.442,2.691,4.536,34.11
53749696432,11.442,2.707,4.554,34.04
53749830031,11.432,2.678,4.523,34.11
53749963631,11.444,2.704,4.554,34.18
53750098432,11.459,2.727,4.581,34.23
53750232031,11.461,2.747,4.602,34.14
53750365631,11.450,2.718,4.556,34.18
53750500432,11.453,2.726,4.585,34.24
53750634031,11.464,2.750,4.612,34.29
53750767631,11.478,2.768,4.633,34.29
53750902432,11.481,2.771,4.636,34.21
53751036031,11.479,2.738,4.600,34.27
53751169631,11.479,2.759,4.618,34.32
53751304081,11.482,2.777,4.639,34.36
53751437631,11.495,2.789,4.659,34.24
53751570831,11.488,2.748,4.608,34.28
53751705632,11.488,2.760,4.630,34.33
53751839231,11.496,2.776,4.649,34.37
53751972431,11.496,2.791,4.663,34.36
53752107062,11.497,2.791,4.664,34.28
53752240431,11.491,2.758,4.636,34.33
53752374031,11.494,2.776,4.654,34.37
53752508832,11.499,2.792,4.675,34.40
53752642431,11.505,2.803,4.687,34.28
53752775631,11.492,2.758,4.633,34.32
53752910247,11.503,2.771,4.650,34.37
53753043631,11.506,2.788,4.667,34.41
53753177231,11.516,2.803,4.680,34.39
53753311768,11.517,2.797,4.665,34.31
53753445231,11.512,2.764,4.633,34.36
53753578431,11.517,2.782,4.648,34.40
53753712920,11.515,2.797,4.662,34.43
53753846431,11.513,2.808,4.675,34.30
53753980031,11.493,2.764,4.628,34.35
53754114752,11.493,2.776,4.647,34.39
53754248031,11.491,2.791,4.668,34.43
53754381631,11.493,2.807,4.683,34.40
53754516118,11.490,2.797,4.666,34.16
53754649631,11.465,2.715,4.558,33.92
53754782831,11.439,2.638,4.461,33.72
53754917335,11.414,2.571,4.374,33.54
53755050831,11.391,2.507,4.290,33.38
53755184431,11.368,2.456,4.222,33.24
53755319232,11.353,2.410,4.165,33.12
53755452831,11.329,2.368,4.113,33.01
53755586031,11.316,2.332,4.070,32.91
53755720432,11.300,2.298,4.028,32.82
53755854031,11.288,2.269,3.993,32.75
53755987231,11.274,2.244,3.962,32.68
53756121819,11.263,2.222,3.934,32.62
53756254831,11.257,2.205,3.909,32.57
53756388431,11.255,2.185,3.887,32.53
53756522911,11.245,2.170,3.868,32.49
53756656031,11.243,2.157,3.857,32.45
53756789631,11.243,2.145,3.840,32.42
53756924432,11.242,2.135,3.827,32.39
53757058031,11.232,2.124,3.815,32.36
53757191631,11.226,2.116,3.806,32.34
53757326044,11.220,2.109,3.801,32.32
53757459631,11.218,2.102,3.794,32.31
53757593231,11.209,2.097,3.787,32.29
53757728032,11.208,2.093,3.780,32.28
53757861231,11.207,2.087,3.774,32.26
53757994831,11.202,2.082,3.770,32.25
53758129232,11.200,2.079,3.766,32.24
53758262831,11.200,2.078,3.761,32.23
53758396031,11.199,2.077,3.761,32.22
53758530579,11.200,2.072,3.756,32.21
53758663631,11.199,2.070,3.753,32.22
53758796831,11.188,2.070,3.755,32.52
53758930031,11.188,2.092,3.819,33.32
53759063631,11.208,2.165,3.952,34.05
53759196831,11.234,2.230,4.067,34.67
53759330031,11.244,2.287,4.175,35.22
53759463231,11.255,2.340,4.275,35.70
53759596431,11.276,2.384,4.355,36.14
53759730031,11.294,2.421,4.426,36.51
53759863631,11.298,2.455,4.489,36.83
53759997231,11.312,2.484,4.552,37.12
53760130831,11.333,2.511,4.598,37.38
53760265631,11.353,2.533,4.638,37.62
53760399231,11.365,2.558,4.681,37.81
53760532831,11.366,2.575,4.712,37.96
53760667631,11.378,2.589,4.740,38.12
53760800831,11.386,2.604,4.764,38.25
53760934431,11.395,2.616,4.790,38.38
53761069231,11.404,2.627,4.810,38.48
53761202831,11.411,2.638,4.826,38.57
53761336431,11.415,2.644,4.837,38.65
53761471231,11.423,2.652,4.849,38.73
53761605231,11.434,2.659,4.864,38.80
53761738831,11.440,2.664,4.876,38.84
53761873631,11.446,2.670,4.879,38.89
53762007231,11.457,2.673,4.888,38.94
53762140831,11.463,2.676,4.895,38.98
53762275631,11.474,2.680,4.904,39.02
53762409232,11.479,2.684,4.913,39.04
53762542831,11.481,2.688,4.914,39.07
53762677631,11.479,2.692,4.918,39.10
53762811231,11.485,2.696,4.923,39.13
53762944831,11.484,2.699,4.929,39.14
53763079631,11.485,2.699,4.934,39.16
53763213231,11.489,2.701,4.933,39.18
53763346831,11.485,2.702,4.937,39.19
53763481631,11.490,2.704,4.944,39.19
53763615231,11.492,2.704,4.947,39.20
53763748831,11.494,2.704,4.946,39.22
53763883631,11.496,2.706,4.946,39.24
53764017231,11.495,2.705,4.951,39.25
53764150831,11.498,2.707,4.951,39.25
53764285631,11.498,2.706,4.955,39.26
53764419232,11.499,2.707,4.958,39.28
53764552831,11.508,2.708,4.962,39.29
53764687631,11.504,2.709,4.967,39.28
53764820831,11.515,2.710,4.960,39.29
53764954431,11.522,2.711,4.958,39.30
53765089631,11.521,2.715,4.959,39.31
53765223231,11.521,2.714,4.963,39.31
53765356431,11.519,2.715,4.964,39.30
53765491231,11.522,2.715,4.966,39.31
53765624832,11.515,2.714,4.965,39.32
53765758431,11.513,2.715,4.968,39.33
53765893231,11.520,2.717,4.969,39.33
53766026831,11.521,2.716,4.956,39.33
53766160431,11.527,2.717,4.964,39.34
53766295231,11.536,2.719,4.965,39.35
53766428832,11.545,2.720,4.968,39.36
53766562431,11.547,2.721,4.972,39.35
53766697231,11.547,2.721,4.971,39.36
53766830831,11.554,2.723,4.972,39.37
53766964431,11.558,2.723,4.973,39.37
53767099231,11.562,2.722,4.975,39.20
53767232831,11.558,2.711,4.933,38.35
53767366031,11.537,2.636,4.795,37.63
53767500831,11.521,2.569,4.671,36.98
53767634431,11.500,2.508,4.557,36.42
53767767631,11.479,2.458,4.459,35.93
53767902431,11.461,2.414,4.377,35.49
53768035631,11.448,2.372,4.298,35.11
53768168831,11.437,2.339,4.237,34.77
53768303631,11.419,2.310,4.178,34.47
53768436831,11.401,2.281,4.130,34.21
53768570431,11.386,2.258,4.086,33.98
53768705231,11.379,2.235,4.044,33.78
53768838831,11.373,2.218,4.015,33.60
53768972031,11.361,2.201,3.988,33.45
53769106431,11.350,2.185,3.957,33.31
53769240031,11.340,2.172,3.936,33.19
53769373631,11.333,2.160,3.914,33.08
53769508431,11.333,2.152,3.895,32.99
53769642031,11.325,2.143,3.880,32.91
53769775631,11.320,2.137,3.865,32.83
53769910031,11.312,2.132,3.856,32.77
53770043631,11.299,2.125,3.841,32.71
53770176831,11.297,2.120,3.832,32.66
53770311631,11.295,2.113,3.823,32.61
53770445231,11.293,2.109,3.814,32.57
53770578831,11.292,2.104,3.806,32.54
53770713631,11.283,2.100,3.802,32.51
53770846831,11.285,2.097,3.802,32.48
53770980431,11.276,2.096,3.793,32.46
53771115231,11.274,2.092,3.788,32.44
53771248431,11.268,2.089,3.783,32.43
53771381631,11.263,2.090,3.784,32.41
53771516431,11.263,2.088,3.779,33.21
53771649631,11.285,2.157,3.904,33.93
53771782831,11.303,2.227,4.018,34.57
53771917631,11.325,2.292,4.118,35.14
53772050831,11.343,2.346,4.201,35.64
53772184031,11.364,2.396,4.275,36.07
53772318831,11.382,2.439,4.343,36.46
53772452431,11.389,2.473,4.398,36.79
53772585631,11.404,2.506,4.446,37.08
53772720431,11.414,2.533,4.496,37.35
53772854031,11.421,2.560,4.539,37.58
53772987631,11.429,2.582,4.572,37.78
53773122431,11.444,2.602,4.604,37.85
53773256031,11.446,2.612,4.617,37.33
53773389632,11.444,2.564,4.537,37.50
53773524431,11.463,2.579,4.573,37.72
53773658031,11.473,2.603,4.608,37.91
53773791631,11.486,2.622,4.634,38.07
53773926431,11.492,2.638,4.655,37.92
53774060031,11.490,2.623,4.639,38.09
53774193231,11.503,2.641,4.666,38.23
53774328031,11.503,2.655,4.690,38.36
53774461631,11.500,2.666,4.706,38.18
53774595231,11.499,2.650,4.680,38.32
53774730031,11.511,2.661,4.700,38.43
53774863631,11.513,2.672,4.718,38.54
53774996832,11.519,2.683,4.734,38.62
53775131631,11.525,2.691,4.742,38.45
53775264831,11.519,2.675,4.724,38.55
53775398431,11.513,2.686,4.737,38.64
53775533231,11.519,2.694,4.750,38.72
53775666831,11.537,2.703,4.757,38.50
53775800431,11.530,2.683,4.718,38.60
53775935231,11.539,2.693,4.734,38.69
53776068831,11.543,2.702,4.749,38.77
53776202432,11.541,2.708,4.756,38.78
53776337231,11.541,2.711,4.751,38.61
53776470831,11.544,2.692,4.728,38.70
53776604431,11.544,2.701,4.745,38.78
53776739231,11.550,2.706,4.760,38.84
53776872831,11.555,2.713,4.769,38.60
53777006032,11.549,2.688,4.736,38.69
53777140831,11.557,2.697,4.748,38.77
53777274431,11.560,2.706,4.762,38.84
53777408031,11.567,2.711,4.769,38.78
53777542831,11.572,2.711,4.757,38.68
53777676431,11.568,2.696,4.740,38.76
53777810031,11.572,2.705,4.750,38.84
53777944831,11.576,2.712,4.763,38.90
53778078431,11.577,2.718,4.773,38.66
53778212031,11.575,2.697,4.738,38.75
53778346831,11.574,2.706,4.755,38.83
53778480432,11.575,2.713,4.768,38.90
53778614031,11.572,2.720,4.776,38.78
53778748831,11.575,2.711,4.752,38.74
53778882431,11.572,2.704,4.755,38.82
53779016032,11.573,2.712,4.766,38.89
53779150831,11.574,2.717,4.776,38.95
53779284431,11.567,2.723,4.787,38.68
53779418031,11.563,2.696,4.749,38.77
53779552831,11.569,2.704,4.764,38.85
53779686431,11.573,2.711,4.774,38.91
53779820031,11.569,2.718,4.784,38.73
53779954831,11.563,2.710,4.753,37.97
53780088031,11.538,2.633,4.633,37.29
53780221231,11.524,2.568,4.532,36.70
53780355631,11.509,2.511,4.445,36.19
53780489231,11.499,2.455,4.362,35.72
53780622431,11.492,2.411,4.297,35.33
53780757231,11.483,2.374,4.231,34.97
53780890831,11.477,2.336,4.175,34.66
53781024432,11.463,2.307,4.135,34.39
53781159231,11.449,2.282,4.093,34.15
53781292431,11.432,2.259,4.052,33.94
53781426031,11.422,2.240,4.022,33.75
53781560831,11.416,2.222,3.993,33.59
53781694031,11.409,2.206,3.967,33.45
53781827231,11.394,2.192,3.942,33.32
53781961695,11.392,2.179,3.926,33.21
53782094831,11.384,2.166,3.911,33.11
53782228032,11.375,2.157,3.896,33.03
53782362927,11.359,2.149,3.881,32.95
53782496031,11.352,2.145,3.869,32.88
53782629231,11.347,2.139,3.856,32.82
53782764119,11.348,2.131,3.844,32.77
53782897631,11.338,2.126,3.837,32.72
53783031232,11.330,2.122,3.831,32.68
53783166031,11.324,2.118,3.822,32.64
53783299631,11.323,2.114,3.817,32.61
53783433231,11.320,2.111,3.811,32.58
53783566432,11.314,2.109,3.810,32.56
53783700031,11.308,2.107,3.803,32.53
53783833631,11.298,2.106,3.801,32.51
53783967232,11.292,2.102,3.795,32.49
53784100831,11.300,2.100,3.794,32.48
53784234031,11.301,2.099,3.789,32.46
53784367231,11.300,2.098,3.790,32.45
53784500431,11.301,2.096,3.787,32.44
53784633631,11.304,2.094,3.788,32.43
53784766832,11.303,2.095,3.784,32.42
53784900831,11.298,2.095,3.784,32.41
53785034432,11.297,2.095,3.780,32.40
53785167631,11.296,2.094,3.778,32.39
53785301631,11.295,2.091,3.775,32.38
53785434831,11.284,2.091,3.770,32.38
53785568031,11.277,2.090,3.773,32.37
53785702431,11.280,2.088,3.776,32.37
53785836031,11.270,2.087,3.778,32.36
53785969232,11.269,2.087,3.779,32.36
