wsep/p0/hop4	tstore_uniq	uq:0	--pattern tload_pat --slice-bytes 32K --stride 1K --access-bytes 1K --region 32K --operands uq:0 --pairs 0:2,1:5,2:0,4:27,6:17,7:10,10:7,11:23,16:19,18:3,19:16,20:24,23:11,24:20,25:30,28:31,29:9,31:28
wsep/p0.5/hop4	tstore_uniq	uq:0.5	--pattern tload_pat --slice-bytes 32K --stride 1K --access-bytes 1K --region 32K --operands uq:0.5 --pairs 0:2,1:5,2:0,4:27,6:17,7:10,10:7,11:23,16:19,18:3,19:16,20:24,23:11,24:20,25:30,28:31,29:9,31:28
wu/p0/hop1	tstore_uniq	uq:0	--pattern tload_pat --slice-bytes 32K --stride 1K --access-bytes 1K --region 32K --operands uq:0 --hop-distance 1 --uniq-regions
wu/p0/hop3	tstore_uniq	uq:0	--pattern tload_pat --slice-bytes 32K --stride 1K --access-bytes 1K --region 32K --operands uq:0 --hop-distance 3 --uniq-regions
wu/p0.5/hop0	tstore_uniq	uq:0.5	--pattern tload_pat --slice-bytes 32K --stride 1K --access-bytes 1K --region 32K --operands uq:0.5 --scp
wsep/p0/hop2	tstore_uniq	uq:0	--pattern tload_pat --slice-bytes 32K --stride 1K --access-bytes 1K --region 32K --operands uq:0 --pairs 0:3,1:10,2:9,3:13,4:24,5:21,6:31,7:5,9:0,10:26,11:27,12:22,13:29,14:25,15:18,16:12,17:16,18:2,19:17,20:4,21:1,22:6,23:30,25:11,26:7,27:23,29:15,30:14
wu/p1/hop2	tstore_uniq	uq:1	--pattern tload_pat --slice-bytes 32K --stride 1K --access-bytes 1K --region 32K --operands uq:1 --hop-distance 2 --uniq-regions
wu/p1/hop3	tstore_uniq	uq:1	--pattern tload_pat --slice-bytes 32K --stride 1K --access-bytes 1K --region 32K --operands uq:1 --hop-distance 3 --uniq-regions
wu/p0/hop4	tstore_uniq	uq:0	--pattern tload_pat --slice-bytes 32K --stride 1K --access-bytes 1K --region 32K --operands uq:0 --hop-distance 4 --uniq-regions
wsep/p0/hop5	tstore_uniq	uq:0	--pattern tload_pat --slice-bytes 32K --stride 1K --access-bytes 1K --region 32K --operands uq:0 --pairs 0:11,2:7,3:27,5:9,6:25,7:2,8:19,9:5,11:0,19:8,24:28,25:6,27:3,28:24
wsep/p0.5/hop2	tstore_uniq	uq:0.5	--pattern tload_pat --slice-bytes 32K --stride 1K --access-bytes 1K --region 32K --operands uq:0.5 --pairs 0:3,1:10,2:9,3:13,4:24,5:21,6:31,7:5,9:0,10:26,11:27,12:22,13:29,14:25,15:18,16:12,17:16,18:2,19:17,20:4,21:1,22:6,23:30,25:11,26:7,27:23,29:15,30:14
wu/p0.5/hop6	tstore_uniq	uq:0.5	--pattern tload_pat --slice-bytes 32K --stride 1K --access-bytes 1K --region 32K --operands uq:0.5 --hop-distance 6 --uniq-regions
wu/p1/hop1	tstore_uniq	uq:1	--pattern tload_pat --slice-bytes 32K --stride 1K --access-bytes 1K --region 32K --operands uq:1 --hop-distance 1 --uniq-regions
wu/p0/hop2	tstore_uniq	uq:0	--pattern tload_pat --slice-bytes 32K --stride 1K --access-bytes 1K --region 32K --operands uq:0 --hop-distance 2 --uniq-regions
wu/p1/hop4	tstore_uniq	uq:1	--pattern tload_pat --slice-bytes 32K --stride 1K --access-bytes 1K --region 32K --operands uq:1 --hop-distance 4 --uniq-regions
wsep/p0/hop3	tstore_uniq	uq:0	--pattern tload_pat --slice-bytes 32K --stride 1K --access-bytes 1K --region 32K --operands uq:0 --pairs 1:29,2:24,4:28,5:13,7:18,9:11,10:15,12:26,13:27,14:3,15:20,16:10,17:8,20:16,23:19,25:22,26:12,27:31,28:7,29:23,30:17,31:5
wsep/p0.5/hop3	tstore_uniq	uq:0.5	--pattern tload_pat --slice-bytes 32K --stride 1K --access-bytes 1K --region 32K --operands uq:0.5 --pairs 1:29,2:24,4:28,5:13,7:18,9:11,10:15,12:26,13:27,14:3,15:20,16:10,17:8,20:16,23:19,25:22,26:12,27:31,28:7,29:23,30:17,31:5
wu/p0/hop0	tstore_uniq	uq:0	--pattern tload_pat --slice-bytes 32K --stride 1K --access-bytes 1K --region 32K --operands uq:0 --scp
wsep/p0.5/hop1	tstore_uniq	uq:0.5	--pattern tload_pat --slice-bytes 32K --stride 1K --access-bytes 1K --region 32K --operands uq:0.5 --pairs 0:24,1:17,2:11,3:8,4:3,5:29,6:7,7:6,8:16,9:25,10:2,11:19,12:21,13:1,14:22,15:26,16:4,17:14,18:10,19:27,20:12,21:13,22:30,23:31,24:0,25:9,27:18,28:20,29:5,30:15,31:23
wu/p0.5/hop2	tstore_uniq	uq:0.5	--pattern tload_pat --slice-bytes 32K --stride 1K --access-bytes 1K --region 32K --operands uq:0.5 --hop-distance 2 --uniq-regions
wu/p1/hop6	tstore_uniq	uq:1	--pattern tload_pat --slice-bytes 32K --stride 1K --access-bytes 1K --region 32K --operands uq:1 --hop-distance 6 --uniq-regions
wu/p0.5/hop3	tstore_uniq	uq:0.5	--pattern tload_pat --slice-bytes 32K --stride 1K --access-bytes 1K --region 32K --operands uq:0.5 --hop-distance 3 --uniq-regions
wsep/p0/hop1	tstore_uniq	uq:0	--pattern tload_pat --slice-bytes 32K --stride 1K --access-bytes 1K --region 32K --operands uq:0 --pairs 0:24,1:17,2:11,3:8,4:3,5:29,6:7,7:6,8:16,9:25,10:2,11:19,12:21,13:1,14:22,15:26,16:4,17:14,18:10,19:27,20:12,21:13,22:30,23:31,24:0,25:9,27:18,28:20,29:5,30:15,31:23
wsep/p0.5/hop5	tstore_uniq	uq:0.5	--pattern tload_pat --slice-bytes 32K --stride 1K --access-bytes 1K --region 32K --operands uq:0.5 --pairs 0:11,2:7,3:27,5:9,6:25,7:2,8:19,9:5,11:0,19:8,24:28,25:6,27:3,28:24
wu/p0/hop6	tstore_uniq	uq:0	--pattern tload_pat --slice-bytes 32K --stride 1K --access-bytes 1K --region 32K --operands uq:0 --hop-distance 6 --uniq-regions
wu/p0.5/hop1	tstore_uniq	uq:0.5	--pattern tload_pat --slice-bytes 32K --stride 1K --access-bytes 1K --region 32K --operands uq:0.5 --hop-distance 1 --uniq-regions
wu/p0.5/hop4	tstore_uniq	uq:0.5	--pattern tload_pat --slice-bytes 32K --stride 1K --access-bytes 1K --region 32K --operands uq:0.5 --hop-distance 4 --uniq-regions
wu/p1/hop0	tstore_uniq	uq:1	--pattern tload_pat --slice-bytes 32K --stride 1K --access-bytes 1K --region 32K --operands uq:1 --scp
